,title,link
0,11.8早读 | 睡眠并不是可有可无的奢侈品，而是生存必须品,http://mp.weixin.qq.com/s?__biz=MzI4OTAyODUxNA==&mid=2653556570&idx=1&sn=422240a3c9688dc9c355f31e42da8912&chksm=f7ebcf97c09c468150abc112b13267dc4f6cf8b9dfa2bbedba38d32a18799f13d71987da6b88#rd
1,【老外说】我在他乡挺好的,http://mp.weixin.qq.com/s?__biz=MzI4OTAyODUxNA==&mid=2653556570&idx=2&sn=cd8b2a075e36124ca987922f319c1daf&chksm=f7ebcf97c09c46811289881dd072907e5fe837c171cb185daad2d09da048ff401437ffcaf260#rd
2,每日听写|11.8,http://mp.weixin.qq.com/s?__biz=MzI4OTAyODUxNA==&mid=2653556570&idx=3&sn=9a1991b5add6766448d5c362c63fb1bf&chksm=f7ebcf97c09c46815e22140e52f3436d420778764eb2942cd99776841c1a5f8cf51b8182017e#rd
3,我们一起神翻译|11.8,http://mp.weixin.qq.com/s?__biz=MzI4OTAyODUxNA==&mid=2653556570&idx=4&sn=f31e3cb69cf7096e68e162bc746b2e22&chksm=f7ebcf97c09c46813376fb3b16915c68d6c6373eed34b4d86c893039bf9a06cb30a59cc4f88a#rd
4,每日一句|11.8,http://mp.weixin.qq.com/s?__biz=MzI4OTAyODUxNA==&mid=2653556570&idx=5&sn=29316b5bb919c02c9fe72f6841b7a4fc&chksm=f7ebcf97c09c4681993f247299de8445d14cab695d28ebd52a7afdab65311a9306ea7c5df4cd#rd
5,为你读诗——不要温和地走进那个良夜,http://mp.weixin.qq.com/s?__biz=MzI4OTAyODUxNA==&mid=2653556491&idx=1&sn=711d44ce1d248a8f691704f0a2676443&chksm=f7ebcfc6c09c46d0ceb9fe1a40fcd36c4895be0eb9884adef27b5f1fe41225eb209681047464#rd
6,11.7早读 | 当你在一个预言中生活了很久，揭露真相的时刻会令人震惊,http://mp.weixin.qq.com/s?__biz=MzI4OTAyODUxNA==&mid=2653556491&idx=2&sn=dd3b11ea18961e006183dbfa555e8b52&chksm=f7ebcfc6c09c46d001674f189c20c7ad22808d6e4d9661ca7590fe5b7c1ca472f3ad94759cc6#rd
7,每日听写飞鸟集|The Lake House09,http://mp.weixin.qq.com/s?__biz=MzI4OTAyODUxNA==&mid=2653556491&idx=3&sn=cc22550de9674c04cc67bd5ffe5f7a31&chksm=f7ebcfc6c09c46d0f772896197251397a3a484abf4b34bfd9c7b276fb2a13033e86e80d7b0d3#rd
8,听歌学英文 | Cold Night,http://mp.weixin.qq.com/s?__biz=MzI4OTAyODUxNA==&mid=2653556478&idx=1&sn=35623340a214e2deb2c3de38bf08a71d&chksm=f7ebce33c09c4725dc12fcea11bfa055cadcb9cd831e1a94e6b943e91ddc35c1d9f171dfb58f#rd
9,11.6早读 | 无论未来会发生什么，我们必须带着决心、快乐和勇敢，面对未来,http://mp.weixin.qq.com/s?__biz=MzI4OTAyODUxNA==&mid=2653556478&idx=2&sn=49fccb5de5444bbb69ad1c562f5fc216&chksm=f7ebce33c09c4725ac766e2339d99c1d41d6cd7bb9a4dfdb6546307e9a9c23f80497eb7fe4f6#rd
10,每日听写11.1-11.5高级汇总,http://mp.weixin.qq.com/s?__biz=MzI4OTAyODUxNA==&mid=2653556478&idx=3&sn=4d240e86e8cb091eb592c598d1b49457&chksm=f7ebce33c09c472596e65cf17a85da209059fbdd1cb6bc40225e78dac1b851d3d805297efdbc#rd
0,11.5早读 | 工欲善其事，必先利其器,http://mp.weixin.qq.com/s?__biz=MzI4OTAyODUxNA==&mid=2653556463&idx=1&sn=f006d7cc477223b156090c996b765c30&chksm=f7ebce22c09c47345256b4b0b47ee306d5188e2d806b492cba44f29d1d8bce858f7b8b89594d#rd
1,看《东城梦魇》学地道英语口语,http://mp.weixin.qq.com/s?__biz=MzI4OTAyODUxNA==&mid=2653556463&idx=2&sn=e5613d8cf3a0c750734e51de92ecfee9&chksm=f7ebce22c09c47343b4db29c856e2b860432670b797f32cce566918c8f4d15c44cfc5898bc69#rd
2,每日听写|11.5,http://mp.weixin.qq.com/s?__biz=MzI4OTAyODUxNA==&mid=2653556463&idx=3&sn=37bf895b2e00fd52a6237e99930854d8&chksm=f7ebce22c09c473419da73e03916c8b2bcfdc4e4722e687e91d8da24790ab6446ef059d273a7#rd
3,我们一起神翻译|11.5,http://mp.weixin.qq.com/s?__biz=MzI4OTAyODUxNA==&mid=2653556463&idx=4&sn=2e0fc96093463e622541da41c426b3a4&chksm=f7ebce22c09c4734bdd901c72e0a5d0b48d509722ff9951e05cc68a4a85b921e97a06b39b5f2#rd
4,每日一句|11.5,http://mp.weixin.qq.com/s?__biz=MzI4OTAyODUxNA==&mid=2653556463&idx=5&sn=ef2c74bb268d679b2dd955bc724d97fe&chksm=f7ebce22c09c47342ceb0dd89eff47225452383555549489f543c36abfc63c3857099c9ef38c#rd
5,11.4早读 | 走过场不可怕，怕的是连过场都懒得走了,http://mp.weixin.qq.com/s?__biz=MzI4OTAyODUxNA==&mid=2653556432&idx=1&sn=39ac6dba6e69145bde830ce507860bd2&chksm=f7ebce1dc09c470bd4853713e3c8ed8749f4bb2cc80579585c75651e61547eea733f779e6d4a#rd
6,“死胡同”用英语怎么表达？,http://mp.weixin.qq.com/s?__biz=MzI4OTAyODUxNA==&mid=2653556432&idx=2&sn=4d8943faff298d091e48332fbde1cd4b&chksm=f7ebce1dc09c470b07bc5fef054e7a35d30ba7774043d04681d3fe96b0fdc9c00d1031f35ee4#rd
7,每日听写|11.4,http://mp.weixin.qq.com/s?__biz=MzI4OTAyODUxNA==&mid=2653556432&idx=3&sn=bed463f62a37da777895514f683523ce&chksm=f7ebce1dc09c470b3883a80c6ae640b28ad04b237310066a14a1919b417bf7d68de2ce416cda#rd
8,我们一起神翻译|11.4,http://mp.weixin.qq.com/s?__biz=MzI4OTAyODUxNA==&mid=2653556432&idx=4&sn=2edf1f51b1ee8cd4b6bf4e5901a9d84d&chksm=f7ebce1dc09c470b2ff476c0638b41314ba8c5dfc215d696483ccc15ce44c80bc1192aa4891f#rd
9,每日一句|11.4,http://mp.weixin.qq.com/s?__biz=MzI4OTAyODUxNA==&mid=2653556432&idx=5&sn=d5b8152ac1e21e3c3a12bd4fb1bb58b9&chksm=f7ebce1dc09c470bf341b84ee3213d8930ad7774158d1ffaf4d7eccd8a7c40407f6e72f3b97b#rd
10,"11.3早读 | Alan Walker, Coldplay—Hymn For The Weekend",http://mp.weixin.qq.com/s?__biz=MzI4OTAyODUxNA==&mid=2653556396&idx=1&sn=09a2a8e23de842365377f6c6bb9d271b&chksm=f7ebce61c09c4777e2cc3cb50801e681e935c061b102fba2cc18553c453c9efb1e2bae066c42#rd
11,每日听写|11.3,http://mp.weixin.qq.com/s?__biz=MzI4OTAyODUxNA==&mid=2653556396&idx=2&sn=a7f52e463b5e4dbb2148b5d25f041681&chksm=f7ebce61c09c47777de6bfad942526d930da344c86f258e287ac660c1cd2dfae1f23a2d47724#rd
12,我们一起神翻译|11.3,http://mp.weixin.qq.com/s?__biz=MzI4OTAyODUxNA==&mid=2653556396&idx=3&sn=6fd0d76e81ebfdecea33da360257a22a&chksm=f7ebce61c09c47772c82a9e3064f4a4638d8ea66e6025e2790dc95729e04040c692111fd52e3#rd
13,每日一句|11.3,http://mp.weixin.qq.com/s?__biz=MzI4OTAyODUxNA==&mid=2653556396&idx=4&sn=f381755b69cdaffc3ef774bd4d512e20&chksm=f7ebce61c09c4777f75b6bbe4c57c4992cdba67db8b4892addbefdcfe535ea99f2b539eb5eb5#rd
14,11.2早读 | 恐惧是思维的杀手，恐惧是带来毁灭的小小的死亡,http://mp.weixin.qq.com/s?__biz=MzI4OTAyODUxNA==&mid=2653556358&idx=1&sn=687106fdfe7da5adbdf3a7a037bbcc5b&chksm=f7ebce4bc09c475d7fc4b9be3d50ee3550a05aa018cc727449635c49295570cbfb8382984a32#rd
16,每日听写|11.2,http://mp.weixin.qq.com/s?__biz=MzI4OTAyODUxNA==&mid=2653556358&idx=3&sn=be21d258e477bbac5acde335f3bfa17d&chksm=f7ebce4bc09c475d702e04f1a639f890a39defb6dccbf0b2135cd34d3b8cbae53cf4829f1a54#rd
17,我们一起神翻译|11.2,http://mp.weixin.qq.com/s?__biz=MzI4OTAyODUxNA==&mid=2653556358&idx=4&sn=1144fcf5ba0eaba293c4c1bcccf74429&chksm=f7ebce4bc09c475d04492daccdadd4ce1bb8376a98f8efa856bcb14a66fec05f63c19c43a37f#rd
18,每日一句|11.2,http://mp.weixin.qq.com/s?__biz=MzI4OTAyODUxNA==&mid=2653556358&idx=5&sn=9c4f81c83d1dd3c7c7e1e403aa42c0e9&chksm=f7ebce4bc09c475dc672aed9e2d1443456ffbca0f7081ba29cd40aa22f34f080c4f8a1c84a22#rd
19,11.1早读 | 不抑郁并不意味着你没有在挣扎，不倦怠也不意味着你火力全开,http://mp.weixin.qq.com/s?__biz=MzI4OTAyODUxNA==&mid=2653556322&idx=1&sn=05e5cd2806499d63aab66dd480ffc09a&chksm=f7ebceafc09c47b94ef5275549a02ec2115ea7803886751ed8c2710769914dd31cce1426fbb1#rd
20,【老外说】你了解抑郁症吗？,http://mp.weixin.qq.com/s?__biz=MzI4OTAyODUxNA==&mid=2653556322&idx=2&sn=e3ffe5d99083882e8868622fe57da601&chksm=f7ebceafc09c47b9858d1b1cef0adc50c4cfe86b02c9724a2c15e4243a4acbbb2f3dc4aadf73#rd
21,每日听写|11.1,http://mp.weixin.qq.com/s?__biz=MzI4OTAyODUxNA==&mid=2653556322&idx=3&sn=55861de7f615baad50f93e5cf6da3d57&chksm=f7ebceafc09c47b99aa84ce62297d64b0e257bc774d88c373e4c842804869a00572cdec9a9fe#rd
22,我们一起神翻译|11.1,http://mp.weixin.qq.com/s?__biz=MzI4OTAyODUxNA==&mid=2653556322&idx=4&sn=897e328bf7be0062b606d821017b1b47&chksm=f7ebceafc09c47b98e3b16272188c7e70fbee05f6f9ab6fb2ff20001716fb19491a52f19f6af#rd
23,为你读诗——雪夜林畔小驻,http://mp.weixin.qq.com/s?__biz=MzI4OTAyODUxNA==&mid=2653556254&idx=1&sn=24b7339b5596e7648e99979ba45f6b12&chksm=f7ebced3c09c47c5aa9f28712ce29bb05ece6ebf8225776b4677fe6e1364f55d2fa20e4df6c4#rd
24,10.31早读 | 在你不敢踏足的洞穴里藏着你在寻找的宝藏,http://mp.weixin.qq.com/s?__biz=MzI4OTAyODUxNA==&mid=2653556254&idx=2&sn=a42cd2ec1c9570627266b42d889c5ea2&chksm=f7ebced3c09c47c5d5c7f3eb2e6eb230c6d6f4602ac374b30a5431ec3d9f1b0fc3e5939134ef#rd
25,每日听写飞鸟集|The Lake House08,http://mp.weixin.qq.com/s?__biz=MzI4OTAyODUxNA==&mid=2653556254&idx=3&sn=569057981967820ccd64453aea61455f&chksm=f7ebced3c09c47c5160004eabc7ce40cbf5595842d9c62b4b74a0d3314aad133b705ab21754c#rd
26,听歌学英文 | Wellerman,http://mp.weixin.qq.com/s?__biz=MzI4OTAyODUxNA==&mid=2653556241&idx=1&sn=77806fdcf2997ed1692617a0815f8d28&chksm=f7ebcedcc09c47ca41a7474c8cbad2f0fa6cac66c99344f9447881eea185330965f9cfaf979c#rd
27,10.30早读 | 当然，我也有过心情很坏的时候，不过一想起我笑起来有多萌，就瞬间被治愈啦！,http://mp.weixin.qq.com/s?__biz=MzI4OTAyODUxNA==&mid=2653556241&idx=2&sn=9036fad428141fde63062054d771fe4d&chksm=f7ebcedcc09c47caca8172b7e6d5e1ed6d6b6ee64a0083fc4453b769766acb82dfe8eb57ca21#rd
28,每日听写10.25-10.29中级汇总,http://mp.weixin.qq.com/s?__biz=MzI4OTAyODUxNA==&mid=2653556241&idx=3&sn=48162166bd48d7130f534d7691a7a528&chksm=f7ebcedcc09c47cab12abb9bf9c44ad409f0dd9e732c3dcea02db8cf999d2af5f4ce19f10ef5#rd
29,10.29早读 | 现在我明白了，求婚时说什么、在哪说，其实都不重要...,http://mp.weixin.qq.com/s?__biz=MzI4OTAyODUxNA==&mid=2653556217&idx=1&sn=53682029875149512a9c4803bee91cd6&chksm=f7ebcd34c09c4422a8ca2f2c9e5c11e0fae011bf0d3ab1fda26a9973925075d2af4997d1ea5e#rd
30,看《洛基》学英语口语,http://mp.weixin.qq.com/s?__biz=MzI4OTAyODUxNA==&mid=2653556217&idx=2&sn=6d3a581c05cb46e3339daddfe0747a4c&chksm=f7ebcd34c09c44221cf9163f3d15067fa8b9a50f1859f22fc32d28e02e5adabee51362a9f9a4#rd
31,每日听写|10.29,http://mp.weixin.qq.com/s?__biz=MzI4OTAyODUxNA==&mid=2653556217&idx=3&sn=5b387937f995671af0e227e4e211c581&chksm=f7ebcd34c09c4422579731e086c217a71ce4f0740bf3326a7924954903a6f381cd9ebbde1d49#rd
32,我们一起神翻译|10.29,http://mp.weixin.qq.com/s?__biz=MzI4OTAyODUxNA==&mid=2653556217&idx=4&sn=dc966ee44cb2ec8b42fb95c44cd18c43&chksm=f7ebcd34c09c44227e3cb6891d31236a558e010cf31bb5a5f750d347532d1c8c201d10a17238#rd
33,每日一句|10.29,http://mp.weixin.qq.com/s?__biz=MzI4OTAyODUxNA==&mid=2653556217&idx=5&sn=00730d700e937038695490591324e118&chksm=f7ebcd34c09c442282ce01d942511dd6bef489f2b1ecbb0331e1cdeb0ecb218c2419dc0225c8#rd
34,10.28早读 | 当你自己没有安全感时，再多外界的认同都不能让你感到安全,http://mp.weixin.qq.com/s?__biz=MzI4OTAyODUxNA==&mid=2653556183&idx=1&sn=b752eb631a40fcf330f0b5d85c66f10b&chksm=f7ebcd1ac09c440cfcbb899d63cc1e8497545f8be3ab13e3697613c3f3ebc48b022f4cfa99ef#rd
35,看《东城梦魇》学地道英语口语,http://mp.weixin.qq.com/s?__biz=MzI4OTAyODUxNA==&mid=2653556183&idx=2&sn=8e348784e3e9fac856a60b3d93819700&chksm=f7ebcd1ac09c440c5457940c8d6465e67f21db2253fef63cb49f74ba7c0a982ed455cfd70c94#rd
36,每日听写|10.28,http://mp.weixin.qq.com/s?__biz=MzI4OTAyODUxNA==&mid=2653556183&idx=3&sn=1dd344877958814552dad9bc5a2bc80e&chksm=f7ebcd1ac09c440ce17d970f9235910b0952fa8275819cc64e989d375a50ca38f50a35bc72e9#rd
37,我们一起神翻译|10.28,http://mp.weixin.qq.com/s?__biz=MzI4OTAyODUxNA==&mid=2653556183&idx=4&sn=d336a1fed4796e3e54559785b54488ec&chksm=f7ebcd1ac09c440c62d1b14022584eecffce7ae3c52f1c11d0b0592da073924da57dc4520999#rd
38,每日一句|10.28,http://mp.weixin.qq.com/s?__biz=MzI4OTAyODUxNA==&mid=2653556183&idx=5&sn=9ff058d5d2d98058c56b95eaa5397093&chksm=f7ebcd1ac09c440c4f19ca4ef1189a2c05a19d548c661fd601c7aebb78aa297ed54e3c83b62d#rd
39,10.27早读 | 别以短期的收成来评判你的每一天，而要看你为未来播下了多少种子,http://mp.weixin.qq.com/s?__biz=MzI4OTAyODUxNA==&mid=2653556145&idx=1&sn=20477fcc65a97ce27508d12e01f7dd99&chksm=f7ebcd7cc09c446a5b43735be60a8d8a3b067dcdd9870053a4c408ffd7c6e716f7daba47984a#rd
40,每日听写|10.27,http://mp.weixin.qq.com/s?__biz=MzI4OTAyODUxNA==&mid=2653556145&idx=2&sn=a67a084af9bf4c7af2c7522324c2987a&chksm=f7ebcd7cc09c446a7eaca00f3ef339c8f4aa047cb8fb9d8ed0b26a97e13f403c487203dfae68#rd
41,我们一起神翻译|10.27,http://mp.weixin.qq.com/s?__biz=MzI4OTAyODUxNA==&mid=2653556145&idx=3&sn=a691b7d498d81446f79e8a5afde1b134&chksm=f7ebcd7cc09c446ab3eb3017cd69e8617474ea12ebec8521e13ccf2471096f90b28771126187#rd
42,每日一句|10.27,http://mp.weixin.qq.com/s?__biz=MzI4OTAyODUxNA==&mid=2653556145&idx=4&sn=2481efec5f2514ff6b5d1452b21e1d32&chksm=f7ebcd7cc09c446a70b0ecef95b7d6d4ace04ae55b4cf863024c3bba93d84ac69043d78d7041#rd
43,10.26早读 | Brian McKnight—Back At One,http://mp.weixin.qq.com/s?__biz=MzI4OTAyODUxNA==&mid=2653556125&idx=1&sn=e53d239417d26d21c7d3521c83bbf697&chksm=f7ebcd50c09c44469782eda1309669e1f5cfd039ad256d95c3924c6db76979b05e3daaa1b818#rd
44,way to go 原来是这个意思~,http://mp.weixin.qq.com/s?__biz=MzI4OTAyODUxNA==&mid=2653556125&idx=2&sn=0cfc313e55357b1e8435a71b67d6cc93&chksm=f7ebcd50c09c4446a6734c0e97cd7f3e33e5a6daaabc2db14a82c8d6a44f27f00754473afe67#rd
45,每日听写|10.26,http://mp.weixin.qq.com/s?__biz=MzI4OTAyODUxNA==&mid=2653556125&idx=3&sn=a738674ea67d4e2305ff6c3d953ba208&chksm=f7ebcd50c09c44462a31b4f24a786c18c477078f5bdeb4c563432d1fa4f0e56e5c19788442b3#rd
46,我们一起神翻译|10.26,http://mp.weixin.qq.com/s?__biz=MzI4OTAyODUxNA==&mid=2653556125&idx=4&sn=291f28b854de93c18b1b6e5b6b3d007a&chksm=f7ebcd50c09c44461ad23148131579f46049c305480171e95544f796a800a5ace690c0271377#rd
47,每日一句|10.26,http://mp.weixin.qq.com/s?__biz=MzI4OTAyODUxNA==&mid=2653556125&idx=5&sn=dfb2db8be5f8031979e7a05b19df83c1&chksm=f7ebcd50c09c4446bc462b5fdba95c055c79820825581f1ce7a0d716861f51012f24c9e46e7f#rd
48,10.25早读 | 勇于接受挑战，克服心中恐惧，追寻渴望的宝藏，等待属于你的冒险故事的开始,http://mp.weixin.qq.com/s?__biz=MzI4OTAyODUxNA==&mid=2653556080&idx=1&sn=2898d4c10cb28c30255089f1b88ce37f&chksm=f7ebcdbdc09c44abe94f5a602c5da5a7eb43abfe0033d53fa94250944009c047d78b504c1555#rd
49,【老外说】生命在于运动,http://mp.weixin.qq.com/s?__biz=MzI4OTAyODUxNA==&mid=2653556080&idx=2&sn=3f7c4ecdecdc35b16bddd07aa79b8d0a&chksm=f7ebcdbdc09c44abf9c13d52e01194f537fe46281ef4aa4807359f5d459c89e3e395271827d1#rd
50,每日听写|10.25,http://mp.weixin.qq.com/s?__biz=MzI4OTAyODUxNA==&mid=2653556080&idx=3&sn=b35150a82be7b13ff940cefbae4006d8&chksm=f7ebcdbdc09c44abb93fbbd866eb47cda521386e75785c3021c7a881224ff739f5ae46b5888f#rd
51,我们一起神翻译|10.25,http://mp.weixin.qq.com/s?__biz=MzI4OTAyODUxNA==&mid=2653556080&idx=4&sn=fc64d846f1f3272c631bfb7eaf00d653&chksm=f7ebcdbdc09c44abff37dde906fd3801900b93ba3509998341a0fc12e8ea7d9845d9df233d91#rd
52,每日一句|10.25,http://mp.weixin.qq.com/s?__biz=MzI4OTAyODUxNA==&mid=2653556080&idx=5&sn=533bbf8555ebd09e6bf53281e79b98d4&chksm=f7ebcdbdc09c44ab8daca32be3d91cec23d72984662df1f3f72d20491f9f03138a2056e47bdd#rd
53,为你读诗-The Road Not Taken,http://mp.weixin.qq.com/s?__biz=MzI4OTAyODUxNA==&mid=2653556017&idx=1&sn=f68607ed9875f9bc9a969d0222fb1dfd&chksm=f7ebcdfcc09c44eaf96b97933d88b40066e65acab416a880a59247e83e9a3039682954e311d4#rd
54,10.24早读 | 困境总有时，但也正是因为这样，你才会时时记得幸福时刻的美好,http://mp.weixin.qq.com/s?__biz=MzI4OTAyODUxNA==&mid=2653556017&idx=2&sn=c30f939e920a19f2d5d5d1f62e41dbaa&chksm=f7ebcdfcc09c44ead48a9fa85a555a2988aee9c4907200f836469ae9daee86515a7875f8a7c8#rd
55,每日听写飞鸟集|The Lake House07,http://mp.weixin.qq.com/s?__biz=MzI4OTAyODUxNA==&mid=2653556017&idx=3&sn=b4b2c45b65f5613a8171ced6f23631f6&chksm=f7ebcdfcc09c44ea3abbd6b8bcbf8c020fb15e11383a64f7690d77d9dcdb2fbc2db74744bc04#rd
56,听歌学英文 | I Waiting For Love-Avicii/Martin Garrix,http://mp.weixin.qq.com/s?__biz=MzI4OTAyODUxNA==&mid=2653556004&idx=1&sn=9d88b25f42b1059511f8db6c0b630239&chksm=f7ebcde9c09c44ffd66364147be84a35532a837e8da37875535d5f0a1309aba0a86f259eee5e#rd
57,10.23早读 | 我们需要更多的女性掌舵，更多的有色人种掌舵，更多的残疾人掌舵,http://mp.weixin.qq.com/s?__biz=MzI4OTAyODUxNA==&mid=2653556004&idx=2&sn=9ccf6e362cce48208697aa0a08b5f62b&chksm=f7ebcde9c09c44ff177c7c06ba93c1584353477efee48fcbf68d05fdf67f33f6b6bd50929332#rd
58,每日听写10.18-10.22初级汇总,http://mp.weixin.qq.com/s?__biz=MzI4OTAyODUxNA==&mid=2653556004&idx=3&sn=bd117f66b14c06248fa98f2ff2a3f9ad&chksm=f7ebcde9c09c44ffdd2dc1832e7dc1e3866f81afd91623ad874bfa8581c98b56c2d3fbcd0626#rd
59,10.22早读 | 当我们做选择时，命运很少眷顾我们,http://mp.weixin.qq.com/s?__biz=MzI4OTAyODUxNA==&mid=2653555983&idx=1&sn=b5359d8f745af698971a476238cabafc&chksm=f7ebcdc2c09c44d4fd24935fdd1a262bf9fabf5d57947e762846a6a6f12aa1275dfac74338fb#rd
60,“渡过难关”用英语怎么说？,http://mp.weixin.qq.com/s?__biz=MzI4OTAyODUxNA==&mid=2653555983&idx=2&sn=d030d303b541668ba6a4a1217245ff02&chksm=f7ebcdc2c09c44d447d1050e6d6330dfff81b0448e75b1bd2b06cab1032189788af06e354c60#rd
61,每日听写|10.22,http://mp.weixin.qq.com/s?__biz=MzI4OTAyODUxNA==&mid=2653555983&idx=3&sn=042701883f9cef91c533f99605665a49&chksm=f7ebcdc2c09c44d4e1f845dcf6559ac84ddd5b0671f3ad625fe8aa7cd5ff42a4f029900aa0bd#rd
62,我们一起神翻译|10.22,http://mp.weixin.qq.com/s?__biz=MzI4OTAyODUxNA==&mid=2653555983&idx=4&sn=5d7f0d1513d83fd1ccb45ff430e1a319&chksm=f7ebcdc2c09c44d43c2f54d919a2a114c49c59c36533781e2a25a1d7c20a1935161fbebf3c9e#rd
63,每日一句|10.22,http://mp.weixin.qq.com/s?__biz=MzI4OTAyODUxNA==&mid=2653555983&idx=5&sn=9ed4aacabaa838fd937ed4fa20b1f3c6&chksm=f7ebcdc2c09c44d44737d527cf98c298dc6fd16b25f08bcd11ac00af0af9ddc9fc1b6b4aa177#rd
64,10.21早读 | 冒着陷入疯魔的风险去追求虚名，实在愚蠢至极,http://mp.weixin.qq.com/s?__biz=MzI4OTAyODUxNA==&mid=2653555957&idx=1&sn=eabcf9c83ee990a4b6bf43de09c2d231&chksm=f7ebcc38c09c452e9e41104360e710f2808df0a89f8823de2e13de4936055a186dc66aa11503#rd
65,bubble是气泡，那么burst your bubble是什么意思呢？,http://mp.weixin.qq.com/s?__biz=MzI4OTAyODUxNA==&mid=2653555957&idx=2&sn=dcedf326e4db5572f6cd0023fc309d17&chksm=f7ebcc38c09c452e7f8c1c64a1f88789bc3e3695cc1b5ba400e8e9aeeaa54e069e23be20b6a6#rd
66,每日听写|10.21,http://mp.weixin.qq.com/s?__biz=MzI4OTAyODUxNA==&mid=2653555957&idx=3&sn=1205f7e76a241e0c42f057c0d72311f7&chksm=f7ebcc38c09c452ea4f99038931e5a39058923b2791ee6e90627e41669cdac9150138c9d8bd8#rd
67,我们一起神翻译|10.21,http://mp.weixin.qq.com/s?__biz=MzI4OTAyODUxNA==&mid=2653555957&idx=4&sn=6a4fa48871ab96a03aa303793b1d0717&chksm=f7ebcc38c09c452eb848e17af3fbe023e7e70d86264970a569cc623bff35a3941ec06d11a3cb#rd
68,每日一句|10.21,http://mp.weixin.qq.com/s?__biz=MzI4OTAyODUxNA==&mid=2653555957&idx=5&sn=ad9d517a36f924207b52f6a6a2296fbb&chksm=f7ebcc38c09c452e2bfb90dfdf414dd5ca4ebfc13bc02931fb975f96b5141516f168dfa0ffdd#rd
69,10.20早读 | 我们的疑虑是叛徒，因为疑虑使我们害怕去尝试，从而使我们失去了本可以获得的美好,http://mp.weixin.qq.com/s?__biz=MzI4OTAyODUxNA==&mid=2653555926&idx=1&sn=fadeaf3cfa7fc92061249f4ae82fb27d&chksm=f7ebcc1bc09c450dc378111a2fe056306e2c8ac024ce48f817afc6cfdf9998335bb0dff8b7d7#rd
70,每日听写|10.20,http://mp.weixin.qq.com/s?__biz=MzI4OTAyODUxNA==&mid=2653555926&idx=2&sn=d77bbb3cea23e737bca8bc1efb11f664&chksm=f7ebcc1bc09c450d2c95ffe62e835551da79a423d03323837041b7ff03c61a4619dc720734d8#rd
71,我们一起神翻译|10.20,http://mp.weixin.qq.com/s?__biz=MzI4OTAyODUxNA==&mid=2653555926&idx=3&sn=a543fd3eda959aa3e09d852e2957837d&chksm=f7ebcc1bc09c450d505244ac27ef5f8fa353cbd8e0c38c0887a209d732b8a2771407016055a2#rd
72,每日一句|10.20,http://mp.weixin.qq.com/s?__biz=MzI4OTAyODUxNA==&mid=2653555926&idx=4&sn=e4038a54456b5e744112bcb4ffd371f7&chksm=f7ebcc1bc09c450dd12fa46d9941139f447256c1389a348d5950da1bbdb1703359b858719ef5#rd
73,10.19早读 | 我要在老城路上策马扬鞭，不到筋疲力竭不罢休,http://mp.weixin.qq.com/s?__biz=MzI4OTAyODUxNA==&mid=2653555907&idx=1&sn=7a63dbaee3c25c2b312986b973b84073&chksm=f7ebcc0ec09c45186f07be50f1d4c3f824dec8f3600e76b1055e86b06c7c8dfcb695f4a56b78#rd
74,“规矩是死的，人是活的”用英语怎么说？,http://mp.weixin.qq.com/s?__biz=MzI4OTAyODUxNA==&mid=2653555907&idx=2&sn=4c9ac76d3668e2f55f35842dbf407240&chksm=f7ebcc0ec09c45187940a80e44a4f5b15f74ea888489900f6075f344235fdd851d8d67658871#rd
75,每日听写|10.19,http://mp.weixin.qq.com/s?__biz=MzI4OTAyODUxNA==&mid=2653555907&idx=3&sn=fa08ebca985fccca031eaf6a7f752ae5&chksm=f7ebcc0ec09c4518a35e0a29afa4e1039f42f46ad6de5efadaf5cf1d64ed04418e5cdf714102#rd
76,我们一起神翻译|10.19,http://mp.weixin.qq.com/s?__biz=MzI4OTAyODUxNA==&mid=2653555907&idx=4&sn=b2b585ca369e6efc720637bac82aeb9b&chksm=f7ebcc0ec09c4518b8e6b663d7b042a60365e3c2a6fb900cdfe12b80ff7bfc61280fad92c636#rd
77,每日一句|10.19,http://mp.weixin.qq.com/s?__biz=MzI4OTAyODUxNA==&mid=2653555907&idx=5&sn=f5041fecfbf102ee4f8b20c64be0a33a&chksm=f7ebcc0ec09c45186d29ddf9081ca154e2f53c9a1d610f1c41802c32b0897f783b04ca97f11c#rd
78,10.18早读 | 成功不是个人的雄心壮志，而是我们如何一起创造出更伟大的东西,http://mp.weixin.qq.com/s?__biz=MzI4OTAyODUxNA==&mid=2653555886&idx=1&sn=653049a8ee2e5aeebc1f8c3c9ba555ca&chksm=f7ebcc63c09c4575a3cc46d558b998afd955f9b8e950ca6b14ba9790bbad16412c8a62b501fe#rd
79,【老外说】养育孩子的关键是什么？,http://mp.weixin.qq.com/s?__biz=MzI4OTAyODUxNA==&mid=2653555886&idx=2&sn=4fb155b202cbbc0cee073ded4ddfdc5e&chksm=f7ebcc63c09c4575db6b6de2080bc7c29640c227ccdcc228f5eb15e663d0f494137012fbc5e3#rd
80,每日听写|10.18,http://mp.weixin.qq.com/s?__biz=MzI4OTAyODUxNA==&mid=2653555886&idx=3&sn=b23d1784dc9cecfb8cd85c83af6fdb46&chksm=f7ebcc63c09c45759eea6b9a707e1a49c91b1ddf7543193c7c7f707cd086ad8535083eacf125#rd
81,我们一起神翻译|10.18,http://mp.weixin.qq.com/s?__biz=MzI4OTAyODUxNA==&mid=2653555886&idx=4&sn=9e4b9d00fd4e8a9e041e24da88e9efcb&chksm=f7ebcc63c09c4575ef89de47f75279ea1107632037722b6db66d0b8b21444f4c4b75f15b7a64#rd
82,每日一句|10.18,http://mp.weixin.qq.com/s?__biz=MzI4OTAyODUxNA==&mid=2653555886&idx=5&sn=999382d6fbbe2832a10faf331bd3a393&chksm=f7ebcc63c09c4575ca5174835b8609bbf3ec7e9488f79765d75fd1788f3600b0918f45f4d0a6#rd
83,Gwen为你读诗——假如生活欺骗了你,http://mp.weixin.qq.com/s?__biz=MzI4OTAyODUxNA==&mid=2653555822&idx=1&sn=9928d39c19efbe2d32f522f96d4299c7&chksm=f7ebcca3c09c45b5e33b461300b48e78b815acf0b8b055aa81f0ab6f98fdbf79953d2b885273#rd
84,10.17早读 | 我们注意力的状态决定了我们生活的状态,http://mp.weixin.qq.com/s?__biz=MzI4OTAyODUxNA==&mid=2653555822&idx=2&sn=cadcdd0587e87d1656207b82cac121a6&chksm=f7ebcca3c09c45b59110a704e9d619580242a5403566c674acd50fa426b0ecc52a7fbc6eebb2#rd
85,每日听写飞鸟集|The Lake House06,http://mp.weixin.qq.com/s?__biz=MzI4OTAyODUxNA==&mid=2653555822&idx=3&sn=d2ace8317906e3b74b21e72021864dd3&chksm=f7ebcca3c09c45b5f6ca67f197e62ed707754bd805149230dd30ab4526476ea0eff5f577409e#rd
86,听歌学英文| Love Is Gone,http://mp.weixin.qq.com/s?__biz=MzI4OTAyODUxNA==&mid=2653555810&idx=1&sn=ae9202a5382f53fe872c52e3cf4d8a7d&chksm=f7ebccafc09c45b9d0f62d5b2720994a858faa4c73527904042f78f022f7dfc15dcd9557d580#rd
87,10.16早读 | 人在一瞬间决定自己的未来，但他们根本不知那一瞬间有多重要,http://mp.weixin.qq.com/s?__biz=MzI4OTAyODUxNA==&mid=2653555810&idx=2&sn=a48470c24472a687ea7c9c235f060faa&chksm=f7ebccafc09c45b9b7a290f50e65abc2251d5ada9d97c626c4059442133d63985289a81c2772#rd
88,每日听写10.11-10.15高级汇总,http://mp.weixin.qq.com/s?__biz=MzI4OTAyODUxNA==&mid=2653555810&idx=3&sn=aae471f3022d80cb4ce3b8ef974b1a22&chksm=f7ebccafc09c45b909d1a844c53259886f626ba022eb29fc54a273c63c915137de56e9109cee#rd
89,10.15早读 | 有才之士惺惺相惜，而平庸之辈会觉得他们威胁到了自己,http://mp.weixin.qq.com/s?__biz=MzI4OTAyODUxNA==&mid=2653555788&idx=1&sn=902230208ac0af03dc3a32e64f5eae2e&chksm=f7ebcc81c09c4597a763c0c33d9bd9e603f90da6df494e04939ede670dbb49e50393f4940daa#rd
90,"""栽赃”、“陷害”用英语怎么说呢？",http://mp.weixin.qq.com/s?__biz=MzI4OTAyODUxNA==&mid=2653555788&idx=2&sn=fc0408cee5a0dc1ce7417b03d7dde994&chksm=f7ebcc81c09c45975e095144540f793134866caeed40110ee274036737f353cdd3f3740180dc#rd
91,每日听写|10.15,http://mp.weixin.qq.com/s?__biz=MzI4OTAyODUxNA==&mid=2653555788&idx=3&sn=f856fc9bdc39d906e3d1f0a38e7f94c1&chksm=f7ebcc81c09c4597f2d978a61657aa7ad3baf8fa5d611238d73ae9550c7b2675d12a8b9c0050#rd
92,我们一起神翻译|10.15,http://mp.weixin.qq.com/s?__biz=MzI4OTAyODUxNA==&mid=2653555788&idx=4&sn=06ce19d66c7ebf01c829b6aeb76a536d&chksm=f7ebcc81c09c45971865a82765565778d7e0eb3a695644f7b7957a2c1835da6f44f840007869#rd
93,每日一句|10.15,http://mp.weixin.qq.com/s?__biz=MzI4OTAyODUxNA==&mid=2653555788&idx=5&sn=f3e0d1b3f5016f429a32bbf29f699f32&chksm=f7ebcc81c09c45976b9d27bc88574a85a97a61e891e8530cd04c6224a41e881aed1304dce8b8#rd
94,10.14早读 | 独在异乡为异客，每逢佳节倍思亲,http://mp.weixin.qq.com/s?__biz=MzI4OTAyODUxNA==&mid=2653555767&idx=1&sn=a77580b88d9ffc1b5271aec0e18edce9&chksm=f7ebccfac09c45ec9d58f19fbe7a4e86b6e100a1ef06e52b3c60a09375416b23fbdf39b86abe#rd
95,"""有指望""用英文怎么说呢？",http://mp.weixin.qq.com/s?__biz=MzI4OTAyODUxNA==&mid=2653555767&idx=2&sn=449646ede8f21686b34b2d2207e06bc7&chksm=f7ebccfac09c45ec60a77499248f7f2f7f07203143d0244b18321b2feb91c4bfba0ffa4e3e18#rd
96,每日听写|10.14,http://mp.weixin.qq.com/s?__biz=MzI4OTAyODUxNA==&mid=2653555767&idx=3&sn=69d5584ae286e802fc5a0ae810c40b57&chksm=f7ebccfac09c45ec36208dae8d722800b21e865b0900ed0f1222fb5e23a52016f1707462dc4f#rd
97,我们一起神翻译|10.14,http://mp.weixin.qq.com/s?__biz=MzI4OTAyODUxNA==&mid=2653555767&idx=4&sn=b8523f0ea6b91d0fd7329e465a7af427&chksm=f7ebccfac09c45ecf06d15aa5ce4e5e8ccad45737c0df979e318b8c437283e9a68b5285728af#rd
98,每日一句|10.14,http://mp.weixin.qq.com/s?__biz=MzI4OTAyODUxNA==&mid=2653555767&idx=5&sn=f0ebfdf277553e01897cec3ad1fa86f8&chksm=f7ebccfac09c45ec7bb9defae46369b1bf8d0c3671039a6326990ad47196ae324d7f3be6aef8#rd
99,10.13早读 | 不管你在生活中有多成功，从做对你来说最重要的事开始你的一天，总归是个好主意,http://mp.weixin.qq.com/s?__biz=MzI4OTAyODUxNA==&mid=2653555740&idx=1&sn=4120c7d987e104dae308924a1fb49968&chksm=f7ebccd1c09c45c7498749ef8db0c61612b7b29972b8fce07c5725c0b44dd42c810755523ddf#rd
100,每日听写|10.13,http://mp.weixin.qq.com/s?__biz=MzI4OTAyODUxNA==&mid=2653555740&idx=2&sn=f039bdc5d69b29ff94c6d8aef9e77449&chksm=f7ebccd1c09c45c7ec1bcc91750d185e94230d784a3a8076a0720523d3267cab8829ab143ef4#rd
101,我们一起神翻译|10.13,http://mp.weixin.qq.com/s?__biz=MzI4OTAyODUxNA==&mid=2653555740&idx=3&sn=60f96a25d24d25efcab93bafcca4fe36&chksm=f7ebccd1c09c45c7da06df5337b986232e6382fee8ae4d9d8a87c694defd0dd14d4b0522f6f8#rd
102,每日一句|10.13,http://mp.weixin.qq.com/s?__biz=MzI4OTAyODUxNA==&mid=2653555740&idx=4&sn=9ef521cdb092ad9e61e7da4ff8941e9b&chksm=f7ebccd1c09c45c77352a75f2bafaaf222024f50b0928023dff26392036d7766ac61feda660a#rd
103,10.12早读 | 现在不是做出改变的时候，放松点吧，别紧张,http://mp.weixin.qq.com/s?__biz=MzI4OTAyODUxNA==&mid=2653555726&idx=1&sn=f933ba713f30530f9ed1300bed1d3386&chksm=f7ebccc3c09c45d5918d39c8b174e2f30d220bd3f54e9c8e55cf192d7ed11af2cf5a303db116#rd
104,"表达""成功""你还只会用“success”吗？",http://mp.weixin.qq.com/s?__biz=MzI4OTAyODUxNA==&mid=2653555726&idx=2&sn=f46d61e07d4258d139fed38909b5de81&chksm=f7ebccc3c09c45d5976c02cac4df56d87ca5cdba47d358604f27b8f320b597b51fc7510d67c9#rd
105,每日听写|10.12,http://mp.weixin.qq.com/s?__biz=MzI4OTAyODUxNA==&mid=2653555726&idx=3&sn=2ea7a9dafd80ec48a8b84df83cff0f59&chksm=f7ebccc3c09c45d54d6e36c55abbccb16c41f862243785cb24271dcc44cb0e70656f5df277ca#rd
106,我们一起神翻译|10.12,http://mp.weixin.qq.com/s?__biz=MzI4OTAyODUxNA==&mid=2653555726&idx=4&sn=c47f700b06f42799ff0b469c350de0b9&chksm=f7ebccc3c09c45d5e09dd5835f807092fcea85d85b2d479aac1982a0070b3557c08a46b6c22d#rd
107,每日一句|10.12,http://mp.weixin.qq.com/s?__biz=MzI4OTAyODUxNA==&mid=2653555726&idx=5&sn=9e2dbbf75769ddbb911a5f7100ae354e&chksm=f7ebccc3c09c45d55c918c6983f11e3fd464075923b94a3ed1e5787c774210eeac804c02dbe5#rd
108,10.11早读 | “分心”不是“专注”的敌人，分心是因为我们的大脑被过度刺激了,http://mp.weixin.qq.com/s?__biz=MzI4OTAyODUxNA==&mid=2653555690&idx=1&sn=e2c54f79b88f27a3ef978beb29946508&chksm=f7ebcb27c09c423163c9d478900275e2063d0f12f68f57415636761d4449b5a01ff7fc7ec94a#rd
109,【老外说】美国年轻人看什么电视剧？,http://mp.weixin.qq.com/s?__biz=MzI4OTAyODUxNA==&mid=2653555690&idx=2&sn=847ee796b374549626d8056a8bc5490d&chksm=f7ebcb27c09c42315f4fa8c6e13c1b2f4d442f18471d96a992ae99d202384c49ed953d5e0999#rd
110,每日听写|10.11,http://mp.weixin.qq.com/s?__biz=MzI4OTAyODUxNA==&mid=2653555690&idx=3&sn=4fd4a10abb153113e82906fac4c4a19f&chksm=f7ebcb27c09c42312a03a6156abecc50a43c171df38cb310fdde18ff543e27119d2538283db6#rd
111,我们一起神翻译|10.11,http://mp.weixin.qq.com/s?__biz=MzI4OTAyODUxNA==&mid=2653555690&idx=4&sn=3ba82e041349e25808dce0e74b490dc0&chksm=f7ebcb27c09c4231dd026d0cd22a3c8ddaa5123d48ffb37b8f87f80fd9564f181713183d4f75#rd
112,每日一句|10.11,http://mp.weixin.qq.com/s?__biz=MzI4OTAyODUxNA==&mid=2653555690&idx=5&sn=3fa98a33d324d88035d0f56fb80cddc9&chksm=f7ebcb27c09c4231336056d2b2cc0760f76931fa3f2074ce5f974a51d8ec5938bd6f254c9830#rd
113,为你读诗——New York is 3 hours ahead of California...,http://mp.weixin.qq.com/s?__biz=MzI4OTAyODUxNA==&mid=2653555617&idx=1&sn=05db404a257c4b188a04dc2b6c371bf2&chksm=f7ebcb6cc09c427aa2344068b9f01abb00ec3f0faf5774166034cbca202fa66314e4166ae1a2#rd
114,10.10早读 | 良好的人际关系能让人更加快乐和健康，就是这样,http://mp.weixin.qq.com/s?__biz=MzI4OTAyODUxNA==&mid=2653555617&idx=2&sn=fdde29360ed362cdcdb4b67133e84f7e&chksm=f7ebcb6cc09c427a1857c8486a5710b010188a29e7dc39a21fd3b39d36b9cc699c094d4a9667#rd
115,每日听写飞鸟集|The Lake House05,http://mp.weixin.qq.com/s?__biz=MzI4OTAyODUxNA==&mid=2653555617&idx=3&sn=a72bde88ca1898eefbdb81c9be5ce641&chksm=f7ebcb6cc09c427ac260f69a850f5c607778b1c43e04c710bb7aa273f36419253a02f25fce28#rd
116,听歌学英文| Break My Heart Again,http://mp.weixin.qq.com/s?__biz=MzI4OTAyODUxNA==&mid=2653555604&idx=1&sn=feba7b9670aab2e694ae5fc22e75c2b8&chksm=f7ebcb59c09c424fe9ea506b645126e059e36f6fee2115dd5e72077a0152cbba280fc9970d0f#rd
117,10.9早读 | 如果你害怕失败，你就不会走得很远,http://mp.weixin.qq.com/s?__biz=MzI4OTAyODUxNA==&mid=2653555604&idx=2&sn=a7c830ae9c97ede2e5d5a27f10f0420f&chksm=f7ebcb59c09c424facee9bac495d251fdc3c0a78a2ee5a307430113f55939df1cc8f1aa932d0#rd
118,每日听写9.27-10.8中级汇总,http://mp.weixin.qq.com/s?__biz=MzI4OTAyODUxNA==&mid=2653555604&idx=3&sn=8f21b2a15a5ac58d614f586c2b728adc&chksm=f7ebcb59c09c424f2ceb153d91f0ae397d9579948369e6cd4e20e37ea518f2251f70c3c437a4#rd
119,10.8早读 | 在人生的十字路口，选择走正确的道路太辛苦了,http://mp.weixin.qq.com/s?__biz=MzI4OTAyODUxNA==&mid=2653555588&idx=1&sn=974e3b05418806243ee5f64223a2ca34&chksm=f7ebcb49c09c425fde1c4a1c6165fff2d320bca283758a0b2735ddca378ccb21ca98cf4f1490#rd
120,toast只跟面包有关系吗？,http://mp.weixin.qq.com/s?__biz=MzI4OTAyODUxNA==&mid=2653555588&idx=2&sn=9f5703d440eb4ede307478dccaf295f0&chksm=f7ebcb49c09c425faa5cc8346764f6ab8c9b5dd01f101305b675fdd315ef92ab6053243ac8b3#rd
121,每日听写|10.8,http://mp.weixin.qq.com/s?__biz=MzI4OTAyODUxNA==&mid=2653555588&idx=3&sn=b45d7c9c700856460883ea08f948f441&chksm=f7ebcb49c09c425f77235cd48eee12ce45e2a297f76eb77388c501a1f0cc7c996054c026fde8#rd
122,我们一起神翻译|10.8,http://mp.weixin.qq.com/s?__biz=MzI4OTAyODUxNA==&mid=2653555588&idx=4&sn=fb5cea4d515c37f1aa854b059e2c4bfd&chksm=f7ebcb49c09c425f9a280c1d839f118cc0677e6230bc14b13eba7cea0d0d7942f182ac73aaa6#rd
123,每日一句|10.08,http://mp.weixin.qq.com/s?__biz=MzI4OTAyODUxNA==&mid=2653555588&idx=5&sn=6d3036158c0f6847bb65827dd33d380d&chksm=f7ebcb49c09c425ffc6e78f0202d0adc77a6858b67e443e450e29cda2ac2da6830fcf0d4cddb#rd
124,【国庆特刊】精选回顾：工作篇| 努力工作加上一点好运，我迟早会成功！,http://mp.weixin.qq.com/s?__biz=MzI4OTAyODUxNA==&mid=2653555511&idx=1&sn=3359998e57fc1d7cbcd746202e6bc2db&chksm=f7ebcbfac09c42ecd9f40de6cd0594de84ab30be806ed911f1c56ce5137e7a32f3194ee9e806#rd
125,【国庆特刊】精选回顾：学习篇| 普林斯顿大学校长：别再被“学历无用论”欺骗！,http://mp.weixin.qq.com/s?__biz=MzI4OTAyODUxNA==&mid=2653555503&idx=1&sn=92213044d4785705683c8addf368d2e6&chksm=f7ebcbe2c09c42f42af341d8b2ecae009fdf88670a898f849b774839d32bcce42992695f6dbf#rd
126,【国庆特刊】精选回顾：音乐篇| 一杯敬明天，一杯敬过往,http://mp.weixin.qq.com/s?__biz=MzI4OTAyODUxNA==&mid=2653555500&idx=1&sn=7149eecec29421a5394e28b752ae14fa&chksm=f7ebcbe1c09c42f708d337984cd798a54f1b1bdae41401567f38d8d0817f9aa78d765fd292c7#rd
127,【国庆特刊】精选回顾：爱情篇| 真正的爱并不是“我要得到什么”，而是“我能给予什么”,http://mp.weixin.qq.com/s?__biz=MzI4OTAyODUxNA==&mid=2653555496&idx=1&sn=57bcb531ebf320505f1c2c0cb0cbc79d&chksm=f7ebcbe5c09c42f324a3378f9f12ce938f7e946a2fa7bf195373f09cf6b99920b06dbd4413c5#rd
128,【国庆特刊】精选回顾：朋友篇| 奥黛丽·赫本谈什么是友谊,http://mp.weixin.qq.com/s?__biz=MzI4OTAyODUxNA==&mid=2653555492&idx=1&sn=a4fdf9ed050863f2b4cc0b2abf253e71&chksm=f7ebcbe9c09c42ff3f5eb29ef741f27e309426e144b3bfe58a02ee4ef219b4aa305fd9334311#rd
129,【国庆特刊】精选回顾：家庭篇| 爱，始于关心你最亲近的人——你的家人,http://mp.weixin.qq.com/s?__biz=MzI4OTAyODUxNA==&mid=2653555488&idx=1&sn=3859a240c12e638a940d2a690380e646&chksm=f7ebcbedc09c42fb54896dcf82a1afa4ebdfe819d9e95a6813b6b67e356f21bd448b637a5b0c#rd
130,听歌学英文 New Chinatown,http://mp.weixin.qq.com/s?__biz=MzI4OTAyODUxNA==&mid=2653555488&idx=2&sn=1325eb20db1ad5e859579a8a6a71a1f6&chksm=f7ebcbedc09c42fb4b8049d26a7611725933d0a002bfac5ab7dec6de0e1e7fedaf7173759bb5#rd
131,【国庆特刊】精选回顾：旅行篇| 我将卸下重负，轻装前行,http://mp.weixin.qq.com/s?__biz=MzI4OTAyODUxNA==&mid=2653555468&idx=1&sn=c04d1729aa4c0da1a004997b4b7964d0&chksm=f7ebcbc1c09c42d718dc08a2e81b757809bf37d28cd7115ec6b258fb2ffc601980ec3a81c235#rd
132,9.30早读 | 生命中你唯一真正拥有的就是时间，如果用它来提升自我，你不可能失败,http://mp.weixin.qq.com/s?__biz=MzI4OTAyODUxNA==&mid=2653555302&idx=1&sn=5ed4d1b9b8f7c4d788cb586906f3cbcd&chksm=f7ebcaabc09c43bdd2bbaff65b226039e331a6fec5cb1a78598ad3aec2ddfc24014d31e0e5ae#rd
133,“有趣的人”用英语怎么表达？,http://mp.weixin.qq.com/s?__biz=MzI4OTAyODUxNA==&mid=2653555302&idx=2&sn=07fac450b7383920381c96e4ad82bee8&chksm=f7ebcaabc09c43bd617a0432e7cab72b4cb99cc26ca5d8bc5f776937c8e282cbdf54e481f4d0#rd
134,每日听写|9.30,http://mp.weixin.qq.com/s?__biz=MzI4OTAyODUxNA==&mid=2653555302&idx=3&sn=7ebaa4ca03be494e1fb8511c2756276c&chksm=f7ebcaabc09c43bd55afa59f7f5f95e0e001401b156e6c23dd49b06a9c2602cc0865c4746c85#rd
135,我们一起神翻译|9.30,http://mp.weixin.qq.com/s?__biz=MzI4OTAyODUxNA==&mid=2653555302&idx=4&sn=dc21dbd454e991e992592815b8350786&chksm=f7ebcaabc09c43bdd06fd722484d10d65cd36e9f0d9c6b710f6fb93c81c3e5040bfadbbd595e#rd
136,每日一句|9.30,http://mp.weixin.qq.com/s?__biz=MzI4OTAyODUxNA==&mid=2653555302&idx=5&sn=a3bb01e49472044726ab5ecc4f1f84a8&chksm=f7ebcaabc09c43bd92245a1b34dd73d69eddcb0ef427acf403ba68c1ec83e00aaaeb58f990c9#rd
137,9.29早读 | 你长胖也好，变矮也罢，我都会深爱着你,http://mp.weixin.qq.com/s?__biz=MzI4OTAyODUxNA==&mid=2653555272&idx=1&sn=10a021a900456fbc533b3cd3d43cce9f&chksm=f7ebca85c09c4393a593f3c3ffedc2a396daef213d6ecdedad9c7c6a8d8df3947d949f97a320#rd
138,每日听写|9.29,http://mp.weixin.qq.com/s?__biz=MzI4OTAyODUxNA==&mid=2653555272&idx=2&sn=e466476658d0e65e015d4928b6035d40&chksm=f7ebca85c09c4393c024f95b329e6c7b11d4d7229b58c71a8e0c44fddac208e7d117dc8a7cd2#rd
139,我们一起神翻译|9.29,http://mp.weixin.qq.com/s?__biz=MzI4OTAyODUxNA==&mid=2653555272&idx=3&sn=b82ff065de3d1b2d1081cafbff4dae21&chksm=f7ebca85c09c4393ba9b9bd72137f5be7bf5ad1a3f7bb9c46b25a18c988002230a6177233c94#rd
140,每日一句|9.29,http://mp.weixin.qq.com/s?__biz=MzI4OTAyODUxNA==&mid=2653555272&idx=4&sn=c6c9762f8cb275b251d58f792aaba805&chksm=f7ebca85c09c4393e28da6baa83273960edb6cb8360a4e86d981bc3a9a1f791a574e4f735d0d#rd
141,9.28早读 | Better Now,http://mp.weixin.qq.com/s?__biz=MzI4OTAyODUxNA==&mid=2653555250&idx=1&sn=b17be2008b709cb2da2f7c269105b7cc&chksm=f7ebcaffc09c43e95f3050f34cd8dcb3951073c810ffa4f0a2c1a9696da8cbca948c6597ed48#rd
142,“可怜你”用英语怎么说？,http://mp.weixin.qq.com/s?__biz=MzI4OTAyODUxNA==&mid=2653555250&idx=2&sn=3ffe361f94cad466f20e65b88989d39f&chksm=f7ebcaffc09c43e9f7b5699ff5dd5beae1e87414bad1cc097fef32bc39868406778ed9e6190a#rd
143,每日听写|9.28,http://mp.weixin.qq.com/s?__biz=MzI4OTAyODUxNA==&mid=2653555250&idx=3&sn=3df30ed638e5e8d422139734ff07c34b&chksm=f7ebcaffc09c43e9be36dbd5acb2593b22da52bd7094e69b34d862880813090c9767d309c8a9#rd
144,我们一起神翻译|9.28,http://mp.weixin.qq.com/s?__biz=MzI4OTAyODUxNA==&mid=2653555250&idx=4&sn=4d1cf16f8e5fc124995f1e92d139908f&chksm=f7ebcaffc09c43e984dd9c07cdbf78fc3e5a1ccb7bbb45df860a3a57cf60e31498c7bcde0180#rd
145,每日一句|9.28,http://mp.weixin.qq.com/s?__biz=MzI4OTAyODUxNA==&mid=2653555250&idx=5&sn=56488abbfe6ce25268e9dfdf94fa6182&chksm=f7ebcaffc09c43e92242be45641267f363040b9de77c5990f0b34f409b1d0b50f0f144e27c14#rd
146,9.27早读 | 别再刷手机了， 多和人交流交流！,http://mp.weixin.qq.com/s?__biz=MzI4OTAyODUxNA==&mid=2653555212&idx=1&sn=8e896d546138b6a34b9f34f19aec2575&chksm=f7ebcac1c09c43d7e0bbf54c2787957cfe52ca3914f54a066db0f06c3e36d923f4b4a0de00ea#rd
147,【老外说】中秋节了，和老外聊聊月饼...和其他好吃的~,http://mp.weixin.qq.com/s?__biz=MzI4OTAyODUxNA==&mid=2653555212&idx=2&sn=39cdea0292b32f71fda343a62e7743ba&chksm=f7ebcac1c09c43d77299aa52832b57c3d82917998ffbc3c362bc2353150e4b77dc687d1da411#rd
148,每日听写|9.27,http://mp.weixin.qq.com/s?__biz=MzI4OTAyODUxNA==&mid=2653555212&idx=3&sn=dd11af90752637e42bc7b1330d580a1d&chksm=f7ebcac1c09c43d712f1f664b50293475bef6b0f2b511242a938f92a7416588f47d4570ea126#rd
149,我们一起神翻译|9.27,http://mp.weixin.qq.com/s?__biz=MzI4OTAyODUxNA==&mid=2653555212&idx=4&sn=db27a9d8db8bf7baf37b522f6f1742bb&chksm=f7ebcac1c09c43d7d42d36c274e066d29e68d3b84c79a657c4f90b8a07a2b58510cd9f122f64#rd
150,每日一句|9.27,http://mp.weixin.qq.com/s?__biz=MzI4OTAyODUxNA==&mid=2653555212&idx=5&sn=0197097d43388be85d5197dd308f6aaa&chksm=f7ebcac1c09c43d7f588ad15d7db3946fed7c7b751b489f8ae535df3cca1b338e0695522f976#rd
151,为你读诗——致孩子,http://mp.weixin.qq.com/s?__biz=MzI4OTAyODUxNA==&mid=2653555129&idx=1&sn=e6c25b9b48fcb25c34a114cfdefac1a8&chksm=f7ebc974c09c4062cad9c9b7c0bbef7f926c6324123d6368bb8230ec3716e4a513f3a9c0e63b#rd
152,9.26早读 | 减少悲痛不是目的，在悲痛中成长并变得强大才是,http://mp.weixin.qq.com/s?__biz=MzI4OTAyODUxNA==&mid=2653555129&idx=2&sn=709bddc26f5bb1e6d0f2845b7711b9c6&chksm=f7ebc974c09c4062e84741d0f010a535d8d46cd006974a834c3f091fb5fd5c0c7149ff1b35db#rd
153,每日听写飞鸟集|The Lake House04,http://mp.weixin.qq.com/s?__biz=MzI4OTAyODUxNA==&mid=2653555129&idx=3&sn=7976bc06e14f3b62aa4ac2b79186941d&chksm=f7ebc974c09c4062c270abaa809246b6d4f4a178e6d5f00477eab2bd8f82e8f1eecb123b772d#rd
154,听歌学英文 | I Don't Gotta Know-欧阳娜娜 范丞丞,http://mp.weixin.qq.com/s?__biz=MzI4OTAyODUxNA==&mid=2653555012&idx=1&sn=6639fbb88c434e1292dea16a650a40ba&chksm=f7ebc989c09c409f475e944fb7e3f1f97ceb667725642c38e1273a8d52606f9e74cc95f94497#rd
155,9.25早读 | 生孩子简单，养孩子难,http://mp.weixin.qq.com/s?__biz=MzI4OTAyODUxNA==&mid=2653555012&idx=2&sn=f9459dd3b1c8580418ce2b6191e8cbc9&chksm=f7ebc989c09c409fe608f1e2fdce10421f72b642a38a8035e90cc9a2e35639b7486ba1128076#rd
156,每日听写9.20-9.24初级汇总,http://mp.weixin.qq.com/s?__biz=MzI4OTAyODUxNA==&mid=2653555012&idx=3&sn=f36e6d5d2417b0c687293a2a2961e501&chksm=f7ebc989c09c409f760c332812d731e7930eaf3de17b929bd0f5292b945526157b72b39cc05e#rd
157,9.24早读 | 凡人之爱不过是苦中作乐，功勋都是在寂寞中累积的,http://mp.weixin.qq.com/s?__biz=MzI4OTAyODUxNA==&mid=2653554980&idx=1&sn=041de1e86b59bd9e012664a17a860bb5&chksm=f7ebc9e9c09c40ff56486c9a4c1da8c8697c9b0b9d041da1724c8eff8fcd7c6c6552222c0f3b#rd
158,“亲力亲为”用英语怎么说？,http://mp.weixin.qq.com/s?__biz=MzI4OTAyODUxNA==&mid=2653554980&idx=2&sn=b6e491351ffb211026303746a264ff9f&chksm=f7ebc9e9c09c40ff6bfef9231967f6a7eb31e92122745b2ce7021538f48b45c548ff2c88a0a4#rd
159,每日听写|9.24,http://mp.weixin.qq.com/s?__biz=MzI4OTAyODUxNA==&mid=2653554980&idx=3&sn=704ebdd456063aa8881565811da04539&chksm=f7ebc9e9c09c40ff6f4112dcf5f9f6e54bd9bf799537ba511da505cdf9969b3cb325f61f570c#rd
160,我们一起神翻译|9.24,http://mp.weixin.qq.com/s?__biz=MzI4OTAyODUxNA==&mid=2653554980&idx=4&sn=fb3466d3ff4217441a76d1ea6d358413&chksm=f7ebc9e9c09c40ff634f6d3268342479aee5eebccbad0627da485639f9df8e0ddf36b39435fd#rd
161,每日一句|9.24,http://mp.weixin.qq.com/s?__biz=MzI4OTAyODUxNA==&mid=2653554980&idx=5&sn=23d31b37d735a4388f55299a3b7f3d4b&chksm=f7ebc9e9c09c40ff770af7651edffa800c0f06b24a010d42d5b6153945ea99ac90b5f60aa32c#rd
162,9.23早读 | 别停下，别回头。你身后没有什么属于你的东西，值得期待的都在前方,http://mp.weixin.qq.com/s?__biz=MzI4OTAyODUxNA==&mid=2653554955&idx=1&sn=541389b53745864c464f49e211f18b60&chksm=f7ebc9c6c09c40d05140f5ba94f12643b36e40145ed7f9ab314e4c76c7bd8bfcad42fd1f3e5b#rd
163,“欣然接受” 用英语怎么说？,http://mp.weixin.qq.com/s?__biz=MzI4OTAyODUxNA==&mid=2653554955&idx=2&sn=bd989c7423c564cd0489274fbbdaa7f5&chksm=f7ebc9c6c09c40d009627da552dfb36030f0e3a917a98bf2287b650645d789199b2c9b540f7c#rd
164,每日听写|9.23,http://mp.weixin.qq.com/s?__biz=MzI4OTAyODUxNA==&mid=2653554955&idx=3&sn=d7ceb4728bebec8237e3f1bead1841ea&chksm=f7ebc9c6c09c40d0a1e29ad9aba031a18352b00c6f0321a6b33171f7b83a03b7ddb1e8d5c746#rd
165,我们一起神翻译|9.23,http://mp.weixin.qq.com/s?__biz=MzI4OTAyODUxNA==&mid=2653554955&idx=4&sn=3629c5792b77c5d7c40c8707affe3369&chksm=f7ebc9c6c09c40d0b544bcb4d19237d2cf6e6a6b6ee5beb43e853762eaab8f4788dea6dc8854#rd
166,每日一句|9.23,http://mp.weixin.qq.com/s?__biz=MzI4OTAyODUxNA==&mid=2653554955&idx=5&sn=5f59275f3e5442949d09174bb07d811d&chksm=f7ebc9c6c09c40d0f61513a9a38f9782c89af188e5f8764cd6c28111c54c77c1a969cf112a48#rd
167,9.22早读 | AGA - Wonderful U,http://mp.weixin.qq.com/s?__biz=MzI4OTAyODUxNA==&mid=2653554923&idx=1&sn=d1cc8522c176511d91b4dfea3357d050&chksm=f7ebc826c09c41300ddb9c9096699ba946c67eda0b4381a5424a0bbbb97a21d731a40bb5e23c#rd
168,每日听写|9.22,http://mp.weixin.qq.com/s?__biz=MzI4OTAyODUxNA==&mid=2653554923&idx=2&sn=8f2ae6678989453da69ce5fc8017374f&chksm=f7ebc826c09c41307617de3f1f9a38356ff2d624811395d04f17e39daa249291521e446ee0b0#rd
169,我们一起神翻译|9.22,http://mp.weixin.qq.com/s?__biz=MzI4OTAyODUxNA==&mid=2653554923&idx=3&sn=dc51dea1fcbbd90a8c8c9f1d77b3b118&chksm=f7ebc826c09c41306be8653415ddbf8fcc29844fd781d925fe04795904b5cc829275f3d07acb#rd
170,每日一句|9.22,http://mp.weixin.qq.com/s?__biz=MzI4OTAyODUxNA==&mid=2653554923&idx=4&sn=6b1a512e57ec51b5f6729dd04901a35a&chksm=f7ebc826c09c41306a8b9c31ccb868d83b39f5827a1a7d43a83d975b6b379b07f2d118c16053#rd
171,9.21早读 | 虽然月饼的口味在变，但团圆的意味一直未变,http://mp.weixin.qq.com/s?__biz=MzI4OTAyODUxNA==&mid=2653554885&idx=1&sn=557adc45881a9485ae2df6d347dcb9ec&chksm=f7ebc808c09c411ec8c05db1fb9b46a89a05f466494fe1eb2512be7c7eb9c3b4ed7640183043#rd
172,“绞尽脑汁，冥思苦想”用英语怎么讲？,http://mp.weixin.qq.com/s?__biz=MzI4OTAyODUxNA==&mid=2653554885&idx=2&sn=e042881525b71e68387dc453d5ab0b73&chksm=f7ebc808c09c411e5a34c641686ef05d1437cceae6b78d446a5b1c3862c12bfc3c57a93201b3#rd
173,每日听写|9.21,http://mp.weixin.qq.com/s?__biz=MzI4OTAyODUxNA==&mid=2653554885&idx=3&sn=b9f9e32b0dfa4695f8c2ac1e934deed6&chksm=f7ebc808c09c411e4df7b70d225a4f5017558782b9193b79ad9e9bc5e6cf2964a3ba78e45d86#rd
174,我们一起神翻译|9.21,http://mp.weixin.qq.com/s?__biz=MzI4OTAyODUxNA==&mid=2653554885&idx=4&sn=eb2a39e52004d1dc7234e50c0f6aa525&chksm=f7ebc808c09c411e1532a2fe01a792ba6ed109ec9073e352beaadf0808d3ca6b579646a11c47#rd
175,每日一句|9.21,http://mp.weixin.qq.com/s?__biz=MzI4OTAyODUxNA==&mid=2653554885&idx=5&sn=772d76c124efcd2feb7debf249a8d05d&chksm=f7ebc808c09c411e9e240f942a74a3aad84a34ab97410513ed6387dd9bb5d69963751944b1d7#rd
176,9.20早读 | 悲伤是生活中很自然的一部分，当这种事发生在你身上时，你并没什么错,http://mp.weixin.qq.com/s?__biz=MzI4OTAyODUxNA==&mid=2653554867&idx=1&sn=3c9ba814049820b0e83ee635ea2e5bdb&chksm=f7ebc87ec09c41683fb8371d2acf2983c5027043d07a013522ffc74e5fe6e343151c6b050f7e#rd
177,【老外说】美丽的邂逅,http://mp.weixin.qq.com/s?__biz=MzI4OTAyODUxNA==&mid=2653554867&idx=2&sn=96779b9a540997e658220457519f09f0&chksm=f7ebc87ec09c41689ba3a20ce8252872e438ac9cc31d7cafd7a5e3569b991cce71a568c68f74#rd
178,每日听写|9.20,http://mp.weixin.qq.com/s?__biz=MzI4OTAyODUxNA==&mid=2653554867&idx=3&sn=1d9ae7f7df0f46d8384f899c0d498cf4&chksm=f7ebc87ec09c4168851b3c93a57c000f4d245e18ba3a1924955b79577561d895b903de536a12#rd
179,我们一起神翻译|9.20,http://mp.weixin.qq.com/s?__biz=MzI4OTAyODUxNA==&mid=2653554867&idx=4&sn=8febe58d3b8c4a4f7e10ea425554004b&chksm=f7ebc87ec09c416886ead67a6632548ac4a3256fc7a0b0ea630e34be30746a4cfb8386b6d2de#rd
180,每日一句|9.20,http://mp.weixin.qq.com/s?__biz=MzI4OTAyODUxNA==&mid=2653554867&idx=5&sn=5df4d0e7d25515e3539fc2a29871a822&chksm=f7ebc87ec09c41682ae0f8cffb9f7f1f036b6bf6f01db76dd0c90b78d5f39d96fc64e151c358#rd
181,Gwen为你读：没有什么胜利可言，挺住就意味着一切,http://mp.weixin.qq.com/s?__biz=MzI4OTAyODUxNA==&mid=2653554815&idx=1&sn=968312a4a6a69bc66df496d7825b1b87&chksm=f7ebc8b2c09c41a4da81d72a96eb9114c8ed6b5e22409d7c4e4bfd7c501447539a7624a55fd3#rd
182,9.19早读 | 在社交媒体的年代，我们不断追求下一个「点赞」，为我们不断追求自我表达和追求完美，按下暂停键,http://mp.weixin.qq.com/s?__biz=MzI4OTAyODUxNA==&mid=2653554815&idx=2&sn=cfa824b8b8454bddebc425ecce09d153&chksm=f7ebc8b2c09c41a4dfb97fd6d2928da6d04bc80d179fb24522d96826aa613e9a21f0145f00a9#rd
183,每日听写飞鸟集|The Lake House03,http://mp.weixin.qq.com/s?__biz=MzI4OTAyODUxNA==&mid=2653554815&idx=3&sn=c27966859b93589f418c70e9db0241f8&chksm=f7ebc8b2c09c41a41e5b77edeb9c13cf5c9972d8e5099d6ed0d2d9343f03fc28fde6b7a6c004#rd
184,听歌学英文| Under / Over,http://mp.weixin.qq.com/s?__biz=MzI4OTAyODUxNA==&mid=2653554787&idx=1&sn=aa0de80d67a2fc9fd61f8b130734ddfb&chksm=f7ebc8aec09c41b8992fc15821867de4622be4a5bf0cee45869c101127c1f0257ca33efe0908#rd
185,9.18早读 | 阴影总是挥之不去，关键在你如何走出阴影,http://mp.weixin.qq.com/s?__biz=MzI4OTAyODUxNA==&mid=2653554787&idx=2&sn=d4effe126cb788055ba378f85f4b9695&chksm=f7ebc8aec09c41b84274caa4cb4ad2bbf61a83d45b1d566c1dacc0d6d8e2e1d05400ef33113d#rd
186,每日听写9.13-9.17中级汇总,http://mp.weixin.qq.com/s?__biz=MzI4OTAyODUxNA==&mid=2653554787&idx=3&sn=520e07fc1614dbfcfb9ac766df37f92f&chksm=f7ebc8aec09c41b825510d1e2afd923a47e3ea595fbe38e61e321287243f4cb67fcf1dcc98b2#rd
187,最后 1天报名（最后一次影子跟读课）！,http://mp.weixin.qq.com/s?__biz=MzI4OTAyODUxNA==&mid=2653554764&idx=1&sn=d2c3e8a379be3b657884c60cc6b33ee4&chksm=f7ebc881c09c4197b3ccb536c1b2eec2f732299ae4c5023e3235f263c13639558c0d342715b6#rd
188,9.17早读 | 己所不欲，勿施于人,http://mp.weixin.qq.com/s?__biz=MzI4OTAyODUxNA==&mid=2653554764&idx=2&sn=64d41584b98a307fb15d1a5a478cd05e&chksm=f7ebc881c09c419788f408454bd6f5c24b7e6ce0589d5c410bcb85ca99a288ed265ac416ddfc#rd
189,每日听写|9.17,http://mp.weixin.qq.com/s?__biz=MzI4OTAyODUxNA==&mid=2653554764&idx=3&sn=3890a84218037f44629babd75e15033a&chksm=f7ebc881c09c4197645d762a6c3ce00ad8818ba3efe2ae11134692476269435f40e53ab7b312#rd
190,我们一起神翻译|9.17,http://mp.weixin.qq.com/s?__biz=MzI4OTAyODUxNA==&mid=2653554764&idx=4&sn=e33749d9fea045cebd2a0ed33a087d14&chksm=f7ebc881c09c4197b4c468d8f906c2c747397ffd8091bb4829a9857d91d08042a501bedf606b#rd
191,每日一句|9.17,http://mp.weixin.qq.com/s?__biz=MzI4OTAyODUxNA==&mid=2653554764&idx=5&sn=76e521e998d8c7719420ed84c63643d8&chksm=f7ebc881c09c419763620d95340301f9641d3e0acbc6b55660fd5fbb6c3080f568ae101819be#rd
192,9.16早读 | 你只管过你的人生，想做什么就去做,http://mp.weixin.qq.com/s?__biz=MzI4OTAyODUxNA==&mid=2653554736&idx=1&sn=bb8befb08734db908b7dd257a9866842&chksm=f7ebc8fdc09c41eb9a47701c17e3c30afd19a786a908d43e4913e95634c24e0283989bba8bf5#rd
193,最后 2天报名（最后一次影子跟读课！）,http://mp.weixin.qq.com/s?__biz=MzI4OTAyODUxNA==&mid=2653554736&idx=2&sn=a35ed6f96fab3a5d8db06807fde8cb35&chksm=f7ebc8fdc09c41ebed3980ad7eb7142ac278e720fe110558b7af4bbe00cbb3ab6e2cff75653e#rd
194,每日听写|9.16,http://mp.weixin.qq.com/s?__biz=MzI4OTAyODUxNA==&mid=2653554736&idx=3&sn=37d37cb0db2048757b082f30a21d9522&chksm=f7ebc8fdc09c41ebb4509635acea13360ef127c14eb3e600976a3b80b3530902d5afaf01a2d2#rd
195,我们一起神翻译|9.16,http://mp.weixin.qq.com/s?__biz=MzI4OTAyODUxNA==&mid=2653554736&idx=4&sn=d921ac9a22cd702e79a967836a44cd08&chksm=f7ebc8fdc09c41ebcd103322ed13e9d0323b7dea52595dbbbc0c5781e619e6b908eafc90ede6#rd
196,每日一句|9.16,http://mp.weixin.qq.com/s?__biz=MzI4OTAyODUxNA==&mid=2653554736&idx=5&sn=6ee0059fdaca52f81d14c428321ffe79&chksm=f7ebc8fdc09c41ebb6529d064279586ef7c82ff6520ab239cdcd4c18ee0e89ac8b38d976ff59#rd
197,9.15早读 | 我们内心所获得的，将会改变外在的现实,http://mp.weixin.qq.com/s?__biz=MzI4OTAyODUxNA==&mid=2653554695&idx=1&sn=5b44a5216123eb7e01bf59cbc7d7ee29&chksm=f7ebc8cac09c41dcf5b9b25c02c96642807f1eeabc129d34dd7238824f1608476abd15864e06#rd
198,最后 3天报名（最后一次影子跟读课！）,http://mp.weixin.qq.com/s?__biz=MzI4OTAyODUxNA==&mid=2653554695&idx=2&sn=64b9e1fd966ca4c30b8c25fb83d2a806&chksm=f7ebc8cac09c41dcf05c939d1c98ac918457b05a4968816f2271e3520be6e5910cdd15e9867b#rd
199,每日听写|9.15,http://mp.weixin.qq.com/s?__biz=MzI4OTAyODUxNA==&mid=2653554695&idx=3&sn=3d51243539830d7b9e1a282e108eac94&chksm=f7ebc8cac09c41dc19643ce31efee86c67c3e5f07e29bdc3a80d4fd66dce137f1e1e9037f9b8#rd
200,我们一起神翻译|9.15,http://mp.weixin.qq.com/s?__biz=MzI4OTAyODUxNA==&mid=2653554695&idx=4&sn=0dd30f240d14f9c364e3d2664c89922d&chksm=f7ebc8cac09c41dcd335a1ed8405aabbb1d58971f8959766ede5c0607cd4924e852ae84d05f8#rd
201,每日一句|9.15,http://mp.weixin.qq.com/s?__biz=MzI4OTAyODUxNA==&mid=2653554695&idx=5&sn=d990d4c3d49b02855dd09e06b743aad9&chksm=f7ebc8cac09c41dcebbfff1142b9fa3df8bcf6f06696a9729a2db9e95ac91bc5dbefce03f5cb#rd
202,9.14早读 | I Want Something Just Like This,http://mp.weixin.qq.com/s?__biz=MzI4OTAyODUxNA==&mid=2653554656&idx=1&sn=e57a2ccb997123cfebe45ef1a329bc17&chksm=f7ebc72dc09c4e3b70c65c219458127f54e8415a420365b0521bfa5fbcd60ed3d28378c87b7c#rd
203,“想明白了”用英文怎么说？,http://mp.weixin.qq.com/s?__biz=MzI4OTAyODUxNA==&mid=2653554656&idx=2&sn=2cf3b386bb5166d0d8bad6fce718cbaf&chksm=f7ebc72dc09c4e3bf2b1c41f66c99167f0d9746af286809f69a94ba122b551645b0a36d1937d#rd
204,每日听写|9.14,http://mp.weixin.qq.com/s?__biz=MzI4OTAyODUxNA==&mid=2653554656&idx=3&sn=2a262b746fd1c85a03545d0368d1ead5&chksm=f7ebc72dc09c4e3bd5ccd8280de551acf774eb1439f38fb4f555734759d407bbfae658b5a692#rd
205,我们一起神翻译|9.14,http://mp.weixin.qq.com/s?__biz=MzI4OTAyODUxNA==&mid=2653554656&idx=4&sn=80e028b00d4ce4867f9d652d42121cd2&chksm=f7ebc72dc09c4e3b38330a8be853bc8b3234efb5c570056ece33718dfb1821ca4c21062ecc57#rd
206,每日一句|9.14,http://mp.weixin.qq.com/s?__biz=MzI4OTAyODUxNA==&mid=2653554656&idx=5&sn=2dd071089e7ebc4c7975cb490100f8d8&chksm=f7ebc72dc09c4e3bf7c50197795970ab0cea1815e5833696ddb6a370fba20e205ff1d721d5a8#rd
207,Gwen影子跟读课 第三季 开放报名！,http://mp.weixin.qq.com/s?__biz=MzI4OTAyODUxNA==&mid=2653554632&idx=1&sn=d0888b8c139a96e906a14b51f6813da2&chksm=f7ebc705c09c4e136331733c9eceb356a39aeb8c98291f4f69a1f82014ec8d9eaf113a9b7edb#rd
208,9.13早读 | 当别人公开与你分享他们的想法、感受和问题时，试着少些批判吧！,http://mp.weixin.qq.com/s?__biz=MzI4OTAyODUxNA==&mid=2653554632&idx=2&sn=4187c2f8aebc4e0e804b70232cc3af5a&chksm=f7ebc705c09c4e13d7797b5a3a5977aa47c1e2bdd54b74e9ab5262d8591996865b57a7ff81ac#rd
209,【老外说】海底世界知多少？,http://mp.weixin.qq.com/s?__biz=MzI4OTAyODUxNA==&mid=2653554632&idx=3&sn=675e89cf5917c4f133c6df92d7aa0095&chksm=f7ebc705c09c4e135b0d72c111feea5ac6fb4dba3499c9487a9caff3858c36c2fc53503d23f3#rd
210,每日听写|9.13,http://mp.weixin.qq.com/s?__biz=MzI4OTAyODUxNA==&mid=2653554632&idx=4&sn=59692458ab5716d0838735450d570f0c&chksm=f7ebc705c09c4e137b178901bbe8607e70bcc93660b305ab58777a27f2d0706526875ff6eec4#rd
211,我们一起神翻译|9.13,http://mp.weixin.qq.com/s?__biz=MzI4OTAyODUxNA==&mid=2653554632&idx=5&sn=b3b81291a77b52ca9c53af873a8ce155&chksm=f7ebc705c09c4e1331ec75d92a741bea53ecec65ae3efcda845d2ee1151be9ded7361c573050#rd
212,为你读诗—当我真正开始爱自己,http://mp.weixin.qq.com/s?__biz=MzI4OTAyODUxNA==&mid=2653554550&idx=1&sn=6aa6d3eea0cc6e6d753f4c05ce9eb842&chksm=f7ebc7bbc09c4ead3cf49c1bd0a44fa6a8f878c16e755110642888cea271c05a9a137cf8b611#rd
213,9.12早读 | 任何破坏常规的事，都需要力量来支撑,http://mp.weixin.qq.com/s?__biz=MzI4OTAyODUxNA==&mid=2653554550&idx=2&sn=e546b495ec3f2d5a564c596b6591c62a&chksm=f7ebc7bbc09c4ead9c4542a6d212d3df6ffcce344c3ca2479ac127e70066d938ef46fe2518f7#rd
214,每日听写飞鸟集|The Lake House02,http://mp.weixin.qq.com/s?__biz=MzI4OTAyODUxNA==&mid=2653554550&idx=3&sn=4fdc4d9d8d5c8d793a03d58446db18fb&chksm=f7ebc7bbc09c4ead48cb11f42ca1bd87e387ff8e575038b843833a4d0fa9781d84e379166f3f#rd
215,听歌学英文| 热爱105°的你（英文版）,http://mp.weixin.qq.com/s?__biz=MzI4OTAyODUxNA==&mid=2653554538&idx=1&sn=a30e89ecadedfee1cbe0a8967c28160b&chksm=f7ebc7a7c09c4eb1370486ccdf5d3f62a106096b3889b4c13abc06ba406c3fd9123defbdced0#rd
216,9.11早读 | 度过糟糕日子，这样你就会更加珍爱美好的日子,http://mp.weixin.qq.com/s?__biz=MzI4OTAyODUxNA==&mid=2653554538&idx=2&sn=ff9ee4947be69ccd7291db691e8e71aa&chksm=f7ebc7a7c09c4eb1026539b0f64ec225f95f20abab5a6b36053ba2d2348fa2a7db6c672bab35#rd
217,每日听写9.6-9.10初级汇总,http://mp.weixin.qq.com/s?__biz=MzI4OTAyODUxNA==&mid=2653554538&idx=3&sn=dbc86bf7d7a1541b1ba7c29f045662dc&chksm=f7ebc7a7c09c4eb1bd91843c747db1fcd9a28bc4173c950f5b0cced009c75687c6ad70fdcfce#rd
218,9.10早读 | 普通老师照本宣科，好的老师解疑答惑，超棒的老师躬亲示范，伟大的老师点拨引路,http://mp.weixin.qq.com/s?__biz=MzI4OTAyODUxNA==&mid=2653554517&idx=1&sn=525305fb0747bbdf44347a88ead2399a&chksm=f7ebc798c09c4e8e0a640f1990e2aab43e2de1f42b14b234fdf2d7525d1b4cb47b51b1ca287a#rd
219,“前途无量”用英语怎么说？,http://mp.weixin.qq.com/s?__biz=MzI4OTAyODUxNA==&mid=2653554517&idx=2&sn=b275fb19ebd2844ab878bb43564d513c&chksm=f7ebc798c09c4e8eeb8b0fa2d56fd9d7091097bba93f6d772c92cc8e24baf5fd83bfb520822a#rd
220,每日听写|9.10,http://mp.weixin.qq.com/s?__biz=MzI4OTAyODUxNA==&mid=2653554517&idx=3&sn=feb9a922f246c5dc98322203617e37a3&chksm=f7ebc798c09c4e8e525cd8488c1b36cd6edc0c6fe0ed4dd89a1a87ee38d7350d9d1f3fd10c9f#rd
221,我们一起神翻译|9.10,http://mp.weixin.qq.com/s?__biz=MzI4OTAyODUxNA==&mid=2653554517&idx=4&sn=2aded1492fe0f20f07cc0b396383087f&chksm=f7ebc798c09c4e8e47fc1ea59ad38855a826b38c617561b7d5a7313716e52e73889efb759f5c#rd
222,每日一句|9.10,http://mp.weixin.qq.com/s?__biz=MzI4OTAyODUxNA==&mid=2653554517&idx=5&sn=865dddc8bbde4a1fda6afec78207a3a7&chksm=f7ebc798c09c4e8e9eccbaa3ba188980d3556594caf1488b75a4d699e21e6b94687b4b88918a#rd
223,9.9早读 | 消除偏见与误会最好的方法就是大方地谈论它,http://mp.weixin.qq.com/s?__biz=MzI4OTAyODUxNA==&mid=2653554486&idx=1&sn=d4e3426d0669c85e59cfe209c60a7515&chksm=f7ebc7fbc09c4eedb1499b9e5eec3e2b7d7c45946f5aae70fe364f48931633152472f19b8cbc#rd
224,“愁容满面” 用英语怎么说,http://mp.weixin.qq.com/s?__biz=MzI4OTAyODUxNA==&mid=2653554486&idx=2&sn=804e3398f517e0676ba876fa0af1fd5f&chksm=f7ebc7fbc09c4eeda536ccc8c63a4403afd8ea28e107350a09852e19ea164c57dc1795f681d4#rd
225,每日听写|9.9,http://mp.weixin.qq.com/s?__biz=MzI4OTAyODUxNA==&mid=2653554486&idx=3&sn=26abbacae9ba4807776cfc670e523342&chksm=f7ebc7fbc09c4eedb2d920964bee87023aa9cbbc8972f915e475a77abdb1fd8d3d8f049376fb#rd
226,我们一起神翻译|9.9,http://mp.weixin.qq.com/s?__biz=MzI4OTAyODUxNA==&mid=2653554486&idx=4&sn=5adb3821123258e01efea44312386c5a&chksm=f7ebc7fbc09c4eede404ec8707086d25949630150475d45958d98d752b50a9588ffe9882b9bc#rd
227,每日一句|9.9,http://mp.weixin.qq.com/s?__biz=MzI4OTAyODUxNA==&mid=2653554486&idx=5&sn=9f362a89ff5524ea068418569e868030&chksm=f7ebc7fbc09c4eede5790b3082820042ffd9eb63df6ee37d81fa32c5ff78344623654e7612e4#rd
228,9.8早读 | 我将矢志不渝追求知识，诸如爱情之类的尘世浮华已无法入我眼,http://mp.weixin.qq.com/s?__biz=MzI4OTAyODUxNA==&mid=2653554461&idx=1&sn=b476d1473f88c6143f1e7d80f523b47b&chksm=f7ebc7d0c09c4ec68979dd0edecb992de5bc67e58b76436a4b5ca4cc68e1c7467e5eb08021bf#rd
229,每日听写|9.8,http://mp.weixin.qq.com/s?__biz=MzI4OTAyODUxNA==&mid=2653554461&idx=2&sn=27a658609db75255fd88ab89202e019f&chksm=f7ebc7d0c09c4ec607b274189dc73cb8cfdf1fb66ec66fdd8f8a9626d40681c48b0016d40837#rd
230,我们一起神翻译|9.8,http://mp.weixin.qq.com/s?__biz=MzI4OTAyODUxNA==&mid=2653554461&idx=3&sn=661c752844bfd1520b3aded00030cd8a&chksm=f7ebc7d0c09c4ec6edc32d6a139e75d400448fed995286992a171ba35d8de78d8d62f4c4526a#rd
231,每日一句|9.8,http://mp.weixin.qq.com/s?__biz=MzI4OTAyODUxNA==&mid=2653554461&idx=4&sn=c192753261dd29c094929d6ae0cbf4a9&chksm=f7ebc7d0c09c4ec6f127c6db74ce87c380c16765783792bd8bc1210ee92e9a0db1d7416f6b5a#rd
232,9.7早读 | Sia - Unstoppable,http://mp.weixin.qq.com/s?__biz=MzI4OTAyODUxNA==&mid=2653554442&idx=1&sn=fefc181c23ada9bb3cc505c60383da5a&chksm=f7ebc7c7c09c4ed1845b712ff141be3d33912f86fe6bc1421c02728a34da05a6cf2ef15ed8c4#rd
233,“起风了”用英语怎么说呢？,http://mp.weixin.qq.com/s?__biz=MzI4OTAyODUxNA==&mid=2653554442&idx=2&sn=3eed07f21b52964ada3a1b17f32ba668&chksm=f7ebc7c7c09c4ed13695226171b577c8780c50345121cf10bd31b4e5fd4aee4d89d7db892ac8#rd
234,每日听写|9.7,http://mp.weixin.qq.com/s?__biz=MzI4OTAyODUxNA==&mid=2653554442&idx=3&sn=124df2ad91cde5b325adb8f63a71c6be&chksm=f7ebc7c7c09c4ed1dfd2dbaeb9c6494810fd829adb05f65becebc84e75ebe76743a1263c4a88#rd
235,我们一起神翻译|9.7,http://mp.weixin.qq.com/s?__biz=MzI4OTAyODUxNA==&mid=2653554442&idx=4&sn=52f12730c82bfcdde8e17144ff0d5088&chksm=f7ebc7c7c09c4ed17e3847c6e760dd4cbf5b471db61be10e90ef2e4bf9d0df4ec5c752bca935#rd
236,每日一句|9.7,http://mp.weixin.qq.com/s?__biz=MzI4OTAyODUxNA==&mid=2653554442&idx=5&sn=9d9939e69775d1e94856af4b9945992f&chksm=f7ebc7c7c09c4ed1806d4f432521cda8c6917c6c737cbf38ee5834fb33699d1b174a90f85be3#rd
237,9.6早读 | 灵魂需要探索和成长，而唯一的方法就是走出舒适圈,http://mp.weixin.qq.com/s?__biz=MzI4OTAyODUxNA==&mid=2653554389&idx=1&sn=9ca4816f81e86eb8ff2e652d21874276&chksm=f7ebc618c09c4f0e9e16066c60aeef3a394ff4309871e56218bfc4ccfb92316dea41b2b86aa2#rd
238,【老外说】生不生二胎？That is a question.,http://mp.weixin.qq.com/s?__biz=MzI4OTAyODUxNA==&mid=2653554389&idx=2&sn=570b7703ecbb8219e4b8598af8dd5076&chksm=f7ebc618c09c4f0efe38e4990520ae6c3239ffcb7c013d7f23ff683b894260ba3cf3505ea3ff#rd
239,每日听写|9.6,http://mp.weixin.qq.com/s?__biz=MzI4OTAyODUxNA==&mid=2653554389&idx=3&sn=74e5a164e5d3bbffc8380bd2ba676a23&chksm=f7ebc618c09c4f0e06af2562b01fa74c61d5decbbb320c66b7eefd1798088927350e5c9f29cd#rd
240,我们一起神翻译|9.6,http://mp.weixin.qq.com/s?__biz=MzI4OTAyODUxNA==&mid=2653554389&idx=4&sn=6e9348c330093adeb8e1df682e7e2b39&chksm=f7ebc618c09c4f0e65624912328ebd3b67cd15d5207a7d87dbbed801a6bbb234243cb59b014a#rd
241,每日一句|9.6,http://mp.weixin.qq.com/s?__biz=MzI4OTAyODUxNA==&mid=2653554389&idx=5&sn=83cf358f75d710116a869e93de525f99&chksm=f7ebc618c09c4f0ec5c9fcf5b6e51b8e9669c9d111af3dd84ec5f8949392d5a93a2506dc8c4b#rd
242,为你读诗—— 秋日,http://mp.weixin.qq.com/s?__biz=MzI4OTAyODUxNA==&mid=2653554317&idx=1&sn=d094e35e063a8881c5fd4ea2fbdf9bbb&chksm=f7ebc640c09c4f56470935b65c38d9815303a8a6685af374c9e4a8255a35a3795b72a4d469a0#rd
243,9.5早读 | 如果两人心生喜欢，应当自然而然相遇，而不是分析彼此，像标本一样,http://mp.weixin.qq.com/s?__biz=MzI4OTAyODUxNA==&mid=2653554317&idx=2&sn=18dd670b8a734b267332f1bdb5d466a7&chksm=f7ebc640c09c4f5603ee82e953cf0ee3953242f256dbbee02c2d56e61d983302f4667b9c5398#rd
244,每日听写飞鸟集|The Lake House01,http://mp.weixin.qq.com/s?__biz=MzI4OTAyODUxNA==&mid=2653554317&idx=3&sn=585e969d493b881cee7603beab67967a&chksm=f7ebc640c09c4f56e81ba7895746582cc1eb8bbb718e2faf0ea5401d265e096ef4d993f09085#rd
245,听歌学英文 | Bloom,http://mp.weixin.qq.com/s?__biz=MzI4OTAyODUxNA==&mid=2653554298&idx=1&sn=da1ae70252e28f154dab36e5717ae813&chksm=f7ebc6b7c09c4fa10d98b9f90f0bc4e9379b2b7c556060d53b55ff7738331d2c7066b73c18b7#rd
246,9.4早读 | 生命是短暂的，未来没有任何保证，你想要什么，就得去争取,http://mp.weixin.qq.com/s?__biz=MzI4OTAyODUxNA==&mid=2653554298&idx=2&sn=c65c5c669401cdf97c739bc365c9df78&chksm=f7ebc6b7c09c4fa1ec8467d3ef0ec48f14ee5c6922a34d54c016901a55ff1c73e1be8b586b6c#rd
247,每日听写8.30-9.3高级汇总,http://mp.weixin.qq.com/s?__biz=MzI4OTAyODUxNA==&mid=2653554298&idx=3&sn=998d34ee60bcb74e262ed81c2eabbd53&chksm=f7ebc6b7c09c4fa17d8664037d9be9fb574f66a28c1876c8300d8eacf45fbe7da293be9d6b8f#rd
248,9.3早读 | 三人行，必有我师焉,http://mp.weixin.qq.com/s?__biz=MzI4OTAyODUxNA==&mid=2653554278&idx=1&sn=a9993c898c04df3732e415a79a0c9972&chksm=f7ebc6abc09c4fbd7a22739db555babf8dbe64696ff57d444b336d0db398166f785c729d4f06#rd
249,“翻白眼儿”用英语怎么说？,http://mp.weixin.qq.com/s?__biz=MzI4OTAyODUxNA==&mid=2653554278&idx=2&sn=95e4f35d13a40a97b3f4293d492bcacf&chksm=f7ebc6abc09c4fbd095a9296f9ba237b327be130f1f9500b6a4af2bad5f1a50852860385d52e#rd
250,每日听写|9.3,http://mp.weixin.qq.com/s?__biz=MzI4OTAyODUxNA==&mid=2653554278&idx=3&sn=fc531311208dfd28b253f60bb97cf8b9&chksm=f7ebc6abc09c4fbd893c5551bf7513bb1a65b911a1eac38b66ce036a66c494b8a8fcc98cbfda#rd
251,我们一起神翻译|9.3,http://mp.weixin.qq.com/s?__biz=MzI4OTAyODUxNA==&mid=2653554278&idx=4&sn=cb3ec236776138507ca15b5388dae651&chksm=f7ebc6abc09c4fbd15d21d7bb4bc1e5a80dec454976ed1ad6a763bee7bbe9c0d515eac5a9c3f#rd
252,每日一句|9.3,http://mp.weixin.qq.com/s?__biz=MzI4OTAyODUxNA==&mid=2653554278&idx=5&sn=1a6000e0f7e88ad760c597ef034e8f1f&chksm=f7ebc6abc09c4fbdef6e29ad8a7a733f0007f34c11cd1244e7f1982274da9e472392b6bf2cc3#rd
253,9.2早读 | 知道自己想要什么，等于成功了一半,http://mp.weixin.qq.com/s?__biz=MzI4OTAyODUxNA==&mid=2653554236&idx=1&sn=e0272ffa4a919717f826ab61c9f28ad6&chksm=f7ebc6f1c09c4fe77d4225bb08204f91553d62664913ded95be55bcea281e178e2263b87702f#rd
254,“整条街上最靓的仔”用英语怎么说？,http://mp.weixin.qq.com/s?__biz=MzI4OTAyODUxNA==&mid=2653554236&idx=2&sn=485c5271161aba3db2d9cb860ca8a856&chksm=f7ebc6f1c09c4fe7dd24d8c9884190765b7ccb719f6a04bf46765e9ae57ba658996519951fec#rd
255,每日听写|9.2,http://mp.weixin.qq.com/s?__biz=MzI4OTAyODUxNA==&mid=2653554236&idx=3&sn=dc7a5b7d5837eb32abadf331ed06d335&chksm=f7ebc6f1c09c4fe7e723fd35ffc5a69653a030b030a03c9186962e8f1ff1a55e016241dddb33#rd
256,我们一起神翻译|9.2,http://mp.weixin.qq.com/s?__biz=MzI4OTAyODUxNA==&mid=2653554236&idx=4&sn=6d432d83c544b2dbb185460f31424d8a&chksm=f7ebc6f1c09c4fe72b5e6714dc30c67b67819206273f834ea215d6bf254a28d025cd29aad37c#rd
257,每日一句|9.2,http://mp.weixin.qq.com/s?__biz=MzI4OTAyODUxNA==&mid=2653554236&idx=5&sn=9751344c416b0d8296ed3d29ab576554&chksm=f7ebc6f1c09c4fe7897395ca30ad227d4a647952b76f38c210dfc44a0e447e3991e0c98e9df1#rd
258,9.1早读 | 悲观者抱怨风向，乐观者静候风变，务实者调整风帆,http://mp.weixin.qq.com/s?__biz=MzI4OTAyODUxNA==&mid=2653554214&idx=1&sn=697e68ae7ec2da2b246c34b1ca4a05f3&chksm=f7ebc6ebc09c4ffdfc1bd81d89a74361af256d7ecfeb2d41d9a58a08a0bec7966a42a7a1502a#rd
259,每日听写|9.1,http://mp.weixin.qq.com/s?__biz=MzI4OTAyODUxNA==&mid=2653554214&idx=2&sn=327195f82bc4734abe8b5a38ac115e09&chksm=f7ebc6ebc09c4ffd1904f406f0de589e39874e17292f23cbd3508c15766d69a59541e09f1941#rd
260,我们一起神翻译|9.1,http://mp.weixin.qq.com/s?__biz=MzI4OTAyODUxNA==&mid=2653554214&idx=3&sn=510bc34aee330d748a47f2f6e6b1731d&chksm=f7ebc6ebc09c4ffd084744746def4514f318f6cad76ebe2170356f047ce16906c1db26eed6ec#rd
261,每日一句|9.1,http://mp.weixin.qq.com/s?__biz=MzI4OTAyODUxNA==&mid=2653554214&idx=4&sn=0650568128df7f9af8c84fdc2283a24e&chksm=f7ebc6ebc09c4ffd7f6720fc18f1330d6f496e4c704f56d52069d7a4508c2db7c9c1dc026fd4#rd
262,8.31早读 | The Kid LAROI、Justin Bieber - Stay,http://mp.weixin.qq.com/s?__biz=MzI4OTAyODUxNA==&mid=2653554191&idx=1&sn=b71e5b6fea112df1eb4c84b20d8532b1&chksm=f7ebc6c2c09c4fd4bba4514e510f15cd1eb7a911c6ae7fefab52c680b4987e30f10268b7481f#rd
263,“忙得不可开交”用英语怎么说？,http://mp.weixin.qq.com/s?__biz=MzI4OTAyODUxNA==&mid=2653554191&idx=2&sn=ab13a24815ebd20be7a16f6ff1c4dac3&chksm=f7ebc6c2c09c4fd4f0486b59a360c15a218e2b4ce63c853c9da5bfd48c490c115cc034b704ad#rd
264,每日听写|8.31,http://mp.weixin.qq.com/s?__biz=MzI4OTAyODUxNA==&mid=2653554191&idx=3&sn=fa36a672788b7896f899cb78ca57d51d&chksm=f7ebc6c2c09c4fd4f9d5d737de1b7a95d74821737901fda262f3cbc1afdde44ccf97401ec564#rd
265,我们一起神翻译|8.31,http://mp.weixin.qq.com/s?__biz=MzI4OTAyODUxNA==&mid=2653554191&idx=4&sn=634a54d0bf3e987081311d82d660b5a6&chksm=f7ebc6c2c09c4fd49497d52c6c4aadfdc91299f5f84b410ac822304b871daeafaf6d82101a39#rd
266,每日一句|8.31,http://mp.weixin.qq.com/s?__biz=MzI4OTAyODUxNA==&mid=2653554191&idx=5&sn=395bdc6accb4be5a774725b118aeceac&chksm=f7ebc6c2c09c4fd4ff095b758ee8880ef8304969e8230be1c4ae8e5e4eda55a580dd7ee6afef#rd
267,8.30早读 | 没有什么文字，也没有什么话语， 能够告诉我们的下一代应该成为什么样的人——唯有老师本人的为人,http://mp.weixin.qq.com/s?__biz=MzI4OTAyODUxNA==&mid=2653554126&idx=1&sn=b048a1475f8c650f7ec5a0f675ee7297&chksm=f7ebc503c09c4c1506bc605f78f40a22b4930e0b5469823bcb2eaf153beeb5938abf8d287033#rd
268,【老外说】如何自学一门技能？,http://mp.weixin.qq.com/s?__biz=MzI4OTAyODUxNA==&mid=2653554126&idx=2&sn=c8f08f8820f283dc0ba06b8998cde236&chksm=f7ebc503c09c4c15d0f18977d0b8be769517f362e9c9a684c6affa532bb3ab62c52669bd4b92#rd
269,每日听写|8.30,http://mp.weixin.qq.com/s?__biz=MzI4OTAyODUxNA==&mid=2653554126&idx=3&sn=e75e1c21a66571e331b8768163b91fd6&chksm=f7ebc503c09c4c15a6084d71a49539d40821b4599b1553d23833b3eb0cc720c6058ca35f0321#rd
270,我们一起神翻译|8.30,http://mp.weixin.qq.com/s?__biz=MzI4OTAyODUxNA==&mid=2653554126&idx=4&sn=727328030713478b9fa8030b591ccb6a&chksm=f7ebc503c09c4c15ce374ac5db153ea2b134f2e62ccb25231a29b5709f9ffa6a1be60a052165#rd
271,每日一句|8.30,http://mp.weixin.qq.com/s?__biz=MzI4OTAyODUxNA==&mid=2653554126&idx=5&sn=b68602a955fb2b8967fd226f6b1b1855&chksm=f7ebc503c09c4c15543dc11526e3e779eeb5221b2969418002d90f93759b40e772d81525ede4#rd
272,为你读诗——夜空中最亮的星（英文版）,http://mp.weixin.qq.com/s?__biz=MzI4OTAyODUxNA==&mid=2653554103&idx=1&sn=4a1e4da2d977808614f9464eed262c87&chksm=f7ebc57ac09c4c6cbc270f94e345ec8ea5ddfd73649443b1ad9d03a0a7f49a1f9ebb2a1bbb33#rd
273,8.29早读 | 活在当下，比较快乐,http://mp.weixin.qq.com/s?__biz=MzI4OTAyODUxNA==&mid=2653554103&idx=2&sn=e44e50e4dd2d3d2636abc1523f99518f&chksm=f7ebc57ac09c4c6c728d40d9f4dcee93df1812b0f699a12a17d44c0599da9935f403fc887d56#rd
274,每日听写|闻香识女人16,http://mp.weixin.qq.com/s?__biz=MzI4OTAyODUxNA==&mid=2653554103&idx=3&sn=d0c8a44daecdd4a254feebaab9f6ddfa&chksm=f7ebc57ac09c4c6c1b89420f7fdb1fca75022c129dca06beff7dd196aa9b0d0fef8cefcf0516#rd
275,听歌学英文 | Lonely - Justin Bieber/Benny Blanco,http://mp.weixin.qq.com/s?__biz=MzI4OTAyODUxNA==&mid=2653554088&idx=1&sn=0299bfe9937e473d61ef62f33e566314&chksm=f7ebc565c09c4c73bf3eaf7519715cc6c8ca1108f752f09534e9a6f9d5e3d81334c26d37e287#rd
276,8.28早读 | 不要故意忽视自己的悲伤，你可以寻求帮助,http://mp.weixin.qq.com/s?__biz=MzI4OTAyODUxNA==&mid=2653554088&idx=2&sn=835fa12a25f22110fce4d15e595b774b&chksm=f7ebc565c09c4c73d25419bbd8d71771b3f3ba9d0542906e5606cca36bba4dd28985485274a2#rd
277,每日听写8.23-8.27中级汇总,http://mp.weixin.qq.com/s?__biz=MzI4OTAyODUxNA==&mid=2653554088&idx=3&sn=a7a3e94aa8955e499fb96d33978afaeb&chksm=f7ebc565c09c4c737d0d3b904ef6b53dbe1bc7ed9c452d437e4e6de3c08f04f24b3c9a57e7c1#rd
278,8.27早读 | 温故而知新，可以为师矣,http://mp.weixin.qq.com/s?__biz=MzI4OTAyODUxNA==&mid=2653554069&idx=1&sn=2082aa9a17589299718e0dd6fe36a7a2&chksm=f7ebc558c09c4c4eb7efd0e1c967b32713fa1d53b7b8ecdbc1109f2b4e58fda5107b4e363c8d#rd
279,“开门见山”用英语怎么说？,http://mp.weixin.qq.com/s?__biz=MzI4OTAyODUxNA==&mid=2653554069&idx=2&sn=1947f521e45d128012ff4cd62baf52dd&chksm=f7ebc558c09c4c4ed35a7e19d5271bc33adf2590bf22f9acbef170e1c6edd411f7d030db6e30#rd
280,每日听写|8.27,http://mp.weixin.qq.com/s?__biz=MzI4OTAyODUxNA==&mid=2653554069&idx=3&sn=b982fce5f410795a33cab1435d5da13b&chksm=f7ebc558c09c4c4e4f535a32ec90b03e2ebed221b81c18f1e636ba562e859e4596cd404c878d#rd
281,我们一起神翻译|8.27,http://mp.weixin.qq.com/s?__biz=MzI4OTAyODUxNA==&mid=2653554069&idx=4&sn=4d5543b398c003cf344d689d008bc0db&chksm=f7ebc558c09c4c4e07fc0ccf92ad4e2adcf32369ee0a6d7818af72d1957daa719b67f8c5c017#rd
282,每日一句|8.27,http://mp.weixin.qq.com/s?__biz=MzI4OTAyODUxNA==&mid=2653554069&idx=5&sn=44beafb8c558f06f5e8c13842a77ee34&chksm=f7ebc558c09c4c4e76804616dd358bc64168bee3dc52c282172bec1f51559268f4b9f9f7cbae#rd
283,8.26早读 | 也许，我们是因为身边的人才成为现在的自己；又或许，是我们选择了留在身边的人,http://mp.weixin.qq.com/s?__biz=MzI4OTAyODUxNA==&mid=2653554036&idx=1&sn=cec1fc80e72d8a9fa8c921d4039f7008&chksm=f7ebc5b9c09c4caff0804e0a591663ab910d6a441cc54f702f4061de730a2a030df560d95fe7#rd
284,看《致命女人2》学英语,http://mp.weixin.qq.com/s?__biz=MzI4OTAyODUxNA==&mid=2653554036&idx=2&sn=29a18630749cc9bc20ec9b09b357a739&chksm=f7ebc5b9c09c4caf822957f3438c4d8c4839f9d2a66921bc2f2db806ddca5a342d74c037ec1f#rd
285,每日听写|8.26,http://mp.weixin.qq.com/s?__biz=MzI4OTAyODUxNA==&mid=2653554036&idx=3&sn=df8deec89b98c83fb1d4bd79c5337719&chksm=f7ebc5b9c09c4caf0c015b6ab9c9fa49baa658125dfdbb3a3657de761efd5177a3074f87cf96#rd
286,我们一起神翻译|8.26,http://mp.weixin.qq.com/s?__biz=MzI4OTAyODUxNA==&mid=2653554036&idx=4&sn=a395345bbb51173b3572a5bd7300661e&chksm=f7ebc5b9c09c4caf55eb5853b22f5a7c118e544dc164968b9da6d4a155b03d5d1712f609992b#rd
287,每日一句|8.26,http://mp.weixin.qq.com/s?__biz=MzI4OTAyODUxNA==&mid=2653554036&idx=5&sn=5032c037e21da141c4281778a864cc67&chksm=f7ebc5b9c09c4caf8aed8c1e0d97230350aefc5045a769e84edc3d7d38f842248322eb70a8dc#rd
288,8.25早读 | 愤怒正如强烈的香料，少量会让人清醒，而过多就会让人麻木,http://mp.weixin.qq.com/s?__biz=MzI4OTAyODUxNA==&mid=2653553988&idx=1&sn=c17a7d3447ad07282d3f22cbfa0910ba&chksm=f7ebc589c09c4c9f50bf1789d82c9bc279a3e9b78d86d2b78238c5988cf66247800a5a46954a#rd
289,每日听写|8.25,http://mp.weixin.qq.com/s?__biz=MzI4OTAyODUxNA==&mid=2653553988&idx=2&sn=2671e39edda85d5425568db7937d6120&chksm=f7ebc589c09c4c9fb3d9c4760249d31889a1f883f2b83aae91ccb76db609c7edfa9ce9f75ef3#rd
290,我们一起神翻译|8.25,http://mp.weixin.qq.com/s?__biz=MzI4OTAyODUxNA==&mid=2653553988&idx=3&sn=5278aeae2aacb0cb0aa8c64d32bb596c&chksm=f7ebc589c09c4c9f599799b4c9638b88e67c2aa4402cce7b7aaf96add16993b600357504ba06#rd
291,每日一句|8.25,http://mp.weixin.qq.com/s?__biz=MzI4OTAyODUxNA==&mid=2653553988&idx=4&sn=556dc7e5318a61396175aaccb9193496&chksm=f7ebc589c09c4c9f3d7c05b9886e2582596dad162a8be60b369cfbda7d7f23c68c46826b349e#rd
292,8.24早读 | Super Idol的笑容都没你的甜,http://mp.weixin.qq.com/s?__biz=MzI4OTAyODUxNA==&mid=2653553964&idx=1&sn=2d6ed74e6ceeeb99d7013c93f894b350&chksm=f7ebc5e1c09c4cf7defe9efdda97d93805d6c6ab409ed98be61c492a986704ade73448986f52#rd
293,五百天早读，我收获了什么？,http://mp.weixin.qq.com/s?__biz=MzI4OTAyODUxNA==&mid=2653553964&idx=2&sn=ae5d5c7d182eb2d3a4cb1a51fbfa1f84&chksm=f7ebc5e1c09c4cf7eefc636880f6cd55eb4b5eb988dbec2e9addf647328d39a89666560293f2#rd
294,每日听写|8.24,http://mp.weixin.qq.com/s?__biz=MzI4OTAyODUxNA==&mid=2653553964&idx=3&sn=25d395cbc82cad16fcb2571125820fca&chksm=f7ebc5e1c09c4cf731751f7ba9028922cdaab3dfd7aae83ab2ce73ef6e21073077543fb5b2ba#rd
295,我们一起神翻译|8.24,http://mp.weixin.qq.com/s?__biz=MzI4OTAyODUxNA==&mid=2653553964&idx=4&sn=3962e85aff41f7c016385e7aef4c66ed&chksm=f7ebc5e1c09c4cf790baadf4285778a3a70d2c1f7545cc272aff86dd6235397cb23448b8c718#rd
296,每日一句|8.24,http://mp.weixin.qq.com/s?__biz=MzI4OTAyODUxNA==&mid=2653553964&idx=5&sn=ebbad97c2f2c864f0c4e57926f15604e&chksm=f7ebc5e1c09c4cf7763abba9c9c9348a3a97c68009d4d6ae466960b041185855432c50066e90#rd
297,8.23早读 | 想帮助TA渡过困境？Just be there.,http://mp.weixin.qq.com/s?__biz=MzI4OTAyODUxNA==&mid=2653553920&idx=1&sn=e703d8270d70a1bf21de1025589739f2&chksm=f7ebc5cdc09c4cdb565414f37e2a9919f1fba11a24c11fcb2b2b3cb288440ff313dc891a77c6#rd
298,【老外说】au pair 这份工作你了解吗？,http://mp.weixin.qq.com/s?__biz=MzI4OTAyODUxNA==&mid=2653553920&idx=2&sn=22fddba0bd629299523b178712874bf6&chksm=f7ebc5cdc09c4cdb2fb941ef9b2636528c9c9208dce4d514f8410e9fac7169c79db8e3712c70#rd
299,每日听写|8.23,http://mp.weixin.qq.com/s?__biz=MzI4OTAyODUxNA==&mid=2653553920&idx=3&sn=7b457a56ab6338bb0e3152a2d0238355&chksm=f7ebc5cdc09c4cdbd5269de538c8a09dd214eba65adddc850768edfd0426ec56645b8b208a00#rd
300,我们一起神翻译|8.23,http://mp.weixin.qq.com/s?__biz=MzI4OTAyODUxNA==&mid=2653553920&idx=4&sn=c2219873d7bd5b338c6bdd52009d614a&chksm=f7ebc5cdc09c4cdba0ba6ab916108456fc7e34f06e058f5db3f61311cd1f1da2d729e5fa3138#rd
301,每日一句|8.23,http://mp.weixin.qq.com/s?__biz=MzI4OTAyODUxNA==&mid=2653553920&idx=5&sn=8f23b10cde111b03df340e7ce0677839&chksm=f7ebc5cdc09c4cdb07ccdb60506bc456dfcc28aedf5ee93497f19eb2b09b25405e77c3379f01#rd
302,为你读诗---从前慢,http://mp.weixin.qq.com/s?__biz=MzI4OTAyODUxNA==&mid=2653553867&idx=1&sn=15558d81f1ce73fcae46d2a26a17f6c9&chksm=f7ebc406c09c4d1096864765518a62ca1872feba0158951f212e6319a1effa506b8c19e710e4#rd
303,8.22早读 | 开始为自己而活的那一刻，我感觉到了自由,http://mp.weixin.qq.com/s?__biz=MzI4OTAyODUxNA==&mid=2653553867&idx=2&sn=46935ec2cf5eebd446fb69a5898d26bf&chksm=f7ebc406c09c4d101316b486040efba7f8bd3e1ca28e0b125e492805a6402cc679778d3e1957#rd
304,每日听写|闻香识女人15,http://mp.weixin.qq.com/s?__biz=MzI4OTAyODUxNA==&mid=2653553867&idx=3&sn=505eeb81a02bd408735b32b1d8e7839d&chksm=f7ebc406c09c4d102f7c63b9ff219d60d6cb3e52381012992bae155f606826b9a1ea33a3f90e#rd
305,听歌学英文| Shutterbug,http://mp.weixin.qq.com/s?__biz=MzI4OTAyODUxNA==&mid=2653553854&idx=1&sn=ace67947320e7ffc96d58ac136ead90f&chksm=f7ebc473c09c4d6520e9f3fc93aa4b134d3207ea90417de05eb04b7aea979dad192478569350#rd
306,8.21早读 | 最强大的是那些不害怕独自一人的人,http://mp.weixin.qq.com/s?__biz=MzI4OTAyODUxNA==&mid=2653553854&idx=2&sn=a48aa1c9121514ee057f0251f2b24988&chksm=f7ebc473c09c4d657603c5ae79c79b85bda500045d97cf101e38253da6a679339eeb4ae30a47#rd
307,每日听写8.16-8.20初级汇总,http://mp.weixin.qq.com/s?__biz=MzI4OTAyODUxNA==&mid=2653553854&idx=3&sn=a89c67b1a35013b969875404706437c8&chksm=f7ebc473c09c4d65b0cdb3b23d8baae2572267239b1bdc2fa3874b17c9d4e928a8e5eb642c89#rd
308,8.20早读 | 人无远虑，必有近忧,http://mp.weixin.qq.com/s?__biz=MzI4OTAyODUxNA==&mid=2653553834&idx=1&sn=42a2ef3905d45c81d47d9dee5bebcd82&chksm=f7ebc467c09c4d71a9f5fc17e6014bc2a02eedf4590722dd57edb281f7449efc608239a70070#rd
309,“不可告人的秘密”和“骸骨”有什么关系？,http://mp.weixin.qq.com/s?__biz=MzI4OTAyODUxNA==&mid=2653553834&idx=2&sn=c476e6d6d355e1a41946321302947434&chksm=f7ebc467c09c4d7101604edd76e8389b925bf0dbe3af73452e7c6dffa52000891e4ef1af529b#rd
310,每日听写|8.20,http://mp.weixin.qq.com/s?__biz=MzI4OTAyODUxNA==&mid=2653553834&idx=3&sn=01870dda600f428dc18bd9e698fe174e&chksm=f7ebc467c09c4d71488eb99f65dc6a134c604a7ce398f56673e1215af51e56b77dd29b3bb242#rd
311,我们一起神翻译|8.20,http://mp.weixin.qq.com/s?__biz=MzI4OTAyODUxNA==&mid=2653553834&idx=4&sn=fd2d99f5565463baadaf3c7c748c6c85&chksm=f7ebc467c09c4d718d4d2ae71bb847e96803d458132c280ce1c01ee7047e794f61c0192599a7#rd
312,每日一句|8.20,http://mp.weixin.qq.com/s?__biz=MzI4OTAyODUxNA==&mid=2653553834&idx=5&sn=1e507bb3dad61b388aa0f36eb8d4c12d&chksm=f7ebc467c09c4d7118b728b03ab985903c97527b45bbdab7aa60b9ac5b995e2c061700eabe68#rd
313,8.19早读 | 一想到我们可能失去一些珍贵的东西，我们的大脑就极其厌恶，以至于我们抛弃了所有理性的想法，去做些十分糟糕的决定,http://mp.weixin.qq.com/s?__biz=MzI4OTAyODUxNA==&mid=2653553798&idx=1&sn=88974db5fa45341dfe8d572060ffa62a&chksm=f7ebc44bc09c4d5d7468de42dff4b108e01e2622da75843977a1bcdac6b28d8b90d7216048b0#rd
314,“我摊牌了”用英文怎么说？,http://mp.weixin.qq.com/s?__biz=MzI4OTAyODUxNA==&mid=2653553798&idx=2&sn=9de3781c10568aad033b2bd1ddbff81b&chksm=f7ebc44bc09c4d5de040a68a7150a10a9c5bb06f63ead8c5da9afbe2206f83dde7e1a639c128#rd
315,每日听写|8.19,http://mp.weixin.qq.com/s?__biz=MzI4OTAyODUxNA==&mid=2653553798&idx=3&sn=4f4fdc2b39ba263ed497030c20939321&chksm=f7ebc44bc09c4d5d93a4207352e78f45b92140b9522a095d835a20740662ffac150d5c4574b3#rd
316,我们一起神翻译|8.19,http://mp.weixin.qq.com/s?__biz=MzI4OTAyODUxNA==&mid=2653553798&idx=4&sn=1d88c271f29dd1fb929678f6ad9fee46&chksm=f7ebc44bc09c4d5db2ee310209e808f9ee1e6af06f9193c10ac48751d5740084f06c0079b800#rd
317,每日一句|8.19,http://mp.weixin.qq.com/s?__biz=MzI4OTAyODUxNA==&mid=2653553798&idx=5&sn=68b184e9f3a53698373d60b0f9df5c8b&chksm=f7ebc44bc09c4d5d266baa7d4b8ff9a9e6524ddcb8187b2c204d894aee67267c4f2b4fce4040#rd
318,8.18早读 | 时间变迁，世事变幻。在时间的长河里，一个微不足道的变化常能铸就天翻地覆的差异,http://mp.weixin.qq.com/s?__biz=MzI4OTAyODUxNA==&mid=2653553786&idx=1&sn=b7ae4c0c33f0a926872efe07aad714be&chksm=f7ebc4b7c09c4da197707eeca3fb0dbeef47d2f26f5aab2b4b8c3eac8b88047f654186a670b4#rd
319,每日听写|8.18,http://mp.weixin.qq.com/s?__biz=MzI4OTAyODUxNA==&mid=2653553786&idx=2&sn=f8ddb5c5808f1b2163b501812fb02867&chksm=f7ebc4b7c09c4da16e18a0f14ca547ffed471f8d0f1390c1371aa91210cb4ed618944658128c#rd
320,我们一起神翻译|8.18,http://mp.weixin.qq.com/s?__biz=MzI4OTAyODUxNA==&mid=2653553786&idx=3&sn=9c715d502cedafe537ae693e99f741a5&chksm=f7ebc4b7c09c4da101636082813939e6c5d606971801f7ec563cc8d05a8eefce1d5679a54ca0#rd
321,每日一句|8.18,http://mp.weixin.qq.com/s?__biz=MzI4OTAyODUxNA==&mid=2653553786&idx=4&sn=441b2aad554467dacae8ba84fe6959cc&chksm=f7ebc4b7c09c4da1af6bb9f59af4628e9ad181da0977c43be1ff066dc57ef240d0e539a431c0#rd
322,8.17早读 | 与其难过，不如开心起来。至少你有地方可去,http://mp.weixin.qq.com/s?__biz=MzI4OTAyODUxNA==&mid=2653553762&idx=1&sn=373f6400406f93a51de9509a4f24dcbb&chksm=f7ebc4afc09c4db96f2b643b4c840fe7b14f844808b10838c3fbc58d6ebfadd4a7701eddaf2a#rd
323,万般美好，已在心中,http://mp.weixin.qq.com/s?__biz=MzI4OTAyODUxNA==&mid=2653553762&idx=2&sn=df496858538b44f355b0ed14a17ba58d&chksm=f7ebc4afc09c4db97fe4fed00175ac19802d4d536e1a281b50d9886dcf8d4993cc3dc18ec966#rd
324,每日听写|8.17,http://mp.weixin.qq.com/s?__biz=MzI4OTAyODUxNA==&mid=2653553762&idx=3&sn=f3d0948ea5a9ad399ed43391e3f3cb8e&chksm=f7ebc4afc09c4db94c1c9ece443dceb6f96f4b586842fed3e39b9b34840c71fe9ebb22abdd26#rd
325,我们一起神翻译|8.17,http://mp.weixin.qq.com/s?__biz=MzI4OTAyODUxNA==&mid=2653553762&idx=4&sn=2ab2e1d84319d9c0a30bf1a56e10bd78&chksm=f7ebc4afc09c4db9d27bd760feafe7d0ab31f912500ca1a8d1a7c0b40d18fa124ab6ef59dc93#rd
326,每日一句|8.17,http://mp.weixin.qq.com/s?__biz=MzI4OTAyODUxNA==&mid=2653553762&idx=5&sn=aa3d0fe6acb8f3f4173d3f0149ad30ef&chksm=f7ebc4afc09c4db9588745e56843a68db1a1c2264a61e00ff1903ec35b9107d6d5a0a5bf5ae4#rd
327,8.16早读 | 做到这几点，你会越来越幸运,http://mp.weixin.qq.com/s?__biz=MzI4OTAyODUxNA==&mid=2653553685&idx=1&sn=332a02a6a4790fa9e131ceac082dccb4&chksm=f7ebc4d8c09c4dcec2b30776d2d15eb04f10d029847e81cc6ec17eb3b6675bdd11dd82150c2f#rd
328,【老外说】了解素食主义者,http://mp.weixin.qq.com/s?__biz=MzI4OTAyODUxNA==&mid=2653553685&idx=2&sn=86c73752d1ef6b512a1915ef58f23c6e&chksm=f7ebc4d8c09c4dce79444e01d9199c8626e5242edfe94de43e93730f743b4cf8411b7ebcf0a9#rd
329,每日听写|8.16,http://mp.weixin.qq.com/s?__biz=MzI4OTAyODUxNA==&mid=2653553685&idx=3&sn=36aba345b008a18b26e5bb0fb1dd568a&chksm=f7ebc4d8c09c4dceb95ce8bf0dc500e38bbf5661a9effd2a6f2aa22ce1cffcd62a8ffabfb362#rd
330,我们一起神翻译|8.16,http://mp.weixin.qq.com/s?__biz=MzI4OTAyODUxNA==&mid=2653553685&idx=4&sn=fe7122eeab889d37ceb98250c8138d92&chksm=f7ebc4d8c09c4dce710d3044bbc32d11c442ad8fcedb5f95d0d14f542ada308be2e57c169a55#rd
331,每日一句|8.16,http://mp.weixin.qq.com/s?__biz=MzI4OTAyODUxNA==&mid=2653553685&idx=5&sn=b22a4cb58d5946f97622f0f78885cc0b&chksm=f7ebc4d8c09c4dceefdf075b541e45a030f41508544bfc5e32c8a27a13ccf3f942434f12e0f1#rd
332,Gwen为你读：春逝（拜伦）,http://mp.weixin.qq.com/s?__biz=MzI4OTAyODUxNA==&mid=2653553632&idx=1&sn=f06ac1e571a9e2f3156b1efe07565751&chksm=f7ebc32dc09c4a3b28cbedb6bd299ad0dc77d3f9aae36475490874f6bb4362539927dcbe3438#rd
333,8.15早读 | 放弃寻找“足够”吧，因为无论多少都不会足够,http://mp.weixin.qq.com/s?__biz=MzI4OTAyODUxNA==&mid=2653553632&idx=2&sn=650763de1a1e4edc288014121554f1d2&chksm=f7ebc32dc09c4a3b6ef2fe6dea23e6247d10e6f1030dfca71789892ef2f5b1b5eedf97ccbc3a#rd
334,每日听写|闻香识女人14,http://mp.weixin.qq.com/s?__biz=MzI4OTAyODUxNA==&mid=2653553632&idx=3&sn=dc7efc47f6df48831da5bdbeccdb83ff&chksm=f7ebc32dc09c4a3b75c097dd09ab9e10744093e898403ed00f0724ced715bfc61a66bec75202#rd
335,听歌学英文| (They Long to Be) Close to You,http://mp.weixin.qq.com/s?__biz=MzI4OTAyODUxNA==&mid=2653553606&idx=1&sn=73b736584d5dfa2bd5e7d0a5f6a4fc0d&chksm=f7ebc30bc09c4a1db8be0071e1929a60dfee1c08ac177965e3e476c3915212edb1b2bdd01385#rd
336,8.14早读 | 我们的生命如同小溪，向同一条河流奔去,http://mp.weixin.qq.com/s?__biz=MzI4OTAyODUxNA==&mid=2653553606&idx=2&sn=247a0cc507cd9079620d3d02eb75016d&chksm=f7ebc30bc09c4a1dc366ffd2d8450efa0549d92b2ea6c28833d86d5793b33b3861c8575605a5#rd
337,每日听写8.9-8.13中级汇总,http://mp.weixin.qq.com/s?__biz=MzI4OTAyODUxNA==&mid=2653553606&idx=3&sn=9449743f3289934a0f08b4eeae7d40ab&chksm=f7ebc30bc09c4a1dc7f465eaf258d50b4f9b9b2ec4029c8228d5ef62229ff0bc09cebce586fe#rd
338,8.13早读 | 七夕节——中国的情人节,http://mp.weixin.qq.com/s?__biz=MzI4OTAyODUxNA==&mid=2653553589&idx=1&sn=e74de616404df26188e6cb90b435910c&chksm=f7ebc378c09c4a6e9978a6b4b74e6691d19d3ebc6edbbb260f4e85473fca18b67cfdaaab5cb7#rd
339,七夕，你表白了嘛？,http://mp.weixin.qq.com/s?__biz=MzI4OTAyODUxNA==&mid=2653553589&idx=2&sn=5c88462caecd5dccc2b12a03da8ac99e&chksm=f7ebc378c09c4a6e874115a49d4bcf9097284f8156b2eda258d7f4475a10c7d63e39ce35f45b#rd
340,每日听写|8.13,http://mp.weixin.qq.com/s?__biz=MzI4OTAyODUxNA==&mid=2653553589&idx=3&sn=d6683c2642889bbb18a6d20eb1c744a5&chksm=f7ebc378c09c4a6efc2aab9c082f094e9254c14aae67c31f1c6e3d6df56462bcbe48afa86a4b#rd
341,我们一起神翻译|8.13,http://mp.weixin.qq.com/s?__biz=MzI4OTAyODUxNA==&mid=2653553589&idx=4&sn=c238b2d6465f784267cfc35ae8239e38&chksm=f7ebc378c09c4a6ebd07803e1ec3d1e22b2f0a0f48f4ac57ac26790167a9b369446cee01aa81#rd
342,每日一句|8.13,http://mp.weixin.qq.com/s?__biz=MzI4OTAyODUxNA==&mid=2653553589&idx=5&sn=b860abd2274c5bcefa669a5e8ee86c6c&chksm=f7ebc378c09c4a6e17f0081a3cdf9fb8cb068511311ae96b9e1c7b88f64e30396b5e175b6301#rd
343,8.12早读 | 我们一生中没那么多可关心的事情，遇到了就要把握住,http://mp.weixin.qq.com/s?__biz=MzI4OTAyODUxNA==&mid=2653553541&idx=1&sn=2404e241164a7ea254931f3f3a4bbfca&chksm=f7ebc348c09c4a5e539ca5f8362c943fb472da802c26736f0e6052f5c11fec19f94c885faffd#rd
344,“过气明星”用英文怎么说？,http://mp.weixin.qq.com/s?__biz=MzI4OTAyODUxNA==&mid=2653553541&idx=2&sn=44fab9126d0e03ad88e5c89c0a3b83e8&chksm=f7ebc348c09c4a5e3d66ab3b5f50eb12d3a7d2a6c5662c339f89efc99b557316a749e21d3108#rd
345,每日听写|8.12,http://mp.weixin.qq.com/s?__biz=MzI4OTAyODUxNA==&mid=2653553541&idx=3&sn=0ad62c3c95f63226577ad8c84dbf8aee&chksm=f7ebc348c09c4a5eefff4c292019db17ba6587d593ba999886c5464ff936d7a2681a2029853e#rd
346,我们一起神翻译|8.12,http://mp.weixin.qq.com/s?__biz=MzI4OTAyODUxNA==&mid=2653553541&idx=4&sn=d65bc6835caca6521d504e358466595e&chksm=f7ebc348c09c4a5e228108bd84e1b2908f7a54197711cdd83e1f5ff37acf66fcc70b7e61f65d#rd
347,每日一句|8.12,http://mp.weixin.qq.com/s?__biz=MzI4OTAyODUxNA==&mid=2653553541&idx=5&sn=fa9603ed367f5898ecb78610bc3c9984&chksm=f7ebc348c09c4a5eb034485f702190e5e9b3bccb56a33efdddc40fd821921c9a3d7a4a7ed0cd#rd
348,8.11早读 | 当习惯了特权，平等就像是压迫,http://mp.weixin.qq.com/s?__biz=MzI4OTAyODUxNA==&mid=2653553517&idx=1&sn=8122c3b622b5bdc00ca8a5619c120672&chksm=f7ebc3a0c09c4ab61a0e7614bddf69cc53dde661190cd4c822bd0e92989773e8c92689278a88#rd
349,每日听写|8.11,http://mp.weixin.qq.com/s?__biz=MzI4OTAyODUxNA==&mid=2653553517&idx=2&sn=bbfaae2af6532d46acdcec397dcda1ab&chksm=f7ebc3a0c09c4ab6ea475f0f8e458fecdcf6c1f3c24d0b8fcdac63d7b56452a6a361a428a1f4#rd
350,我们一起神翻译|8.11,http://mp.weixin.qq.com/s?__biz=MzI4OTAyODUxNA==&mid=2653553517&idx=3&sn=589b34446d9f0ea2f3086086192ea229&chksm=f7ebc3a0c09c4ab690a6127c0fc8c2444ee3ab61e1f9a1b6f44ba31f9028f4d564af8bf5e8aa#rd
351,每日一句|8.11,http://mp.weixin.qq.com/s?__biz=MzI4OTAyODUxNA==&mid=2653553517&idx=4&sn=ac3fc84657c0a65927093b4588bff7b4&chksm=f7ebc3a0c09c4ab60770c20346489948042919b83d7ba5bab6df860df0c81eadcf84d67f5c35#rd
352,8.10早读 | 一切尽在不言中,http://mp.weixin.qq.com/s?__biz=MzI4OTAyODUxNA==&mid=2653553470&idx=1&sn=fd925c0174aa2fc36e5a452b1b90f5fc&chksm=f7ebc3f3c09c4ae515f7c54e1d346175344d2cbb3b06ee37fcd2b2d9a1c23f9715b83d0d52dc#rd
353,你会用英语说“炒鱿鱼”吗？,http://mp.weixin.qq.com/s?__biz=MzI4OTAyODUxNA==&mid=2653553470&idx=2&sn=df89d8d0e2949e692bdd471c27a4bf7b&chksm=f7ebc3f3c09c4ae5e557546b503977a13154cb8580d6a9d94cce524fbf90895f88442cae010c#rd
354,每日听写|8.10,http://mp.weixin.qq.com/s?__biz=MzI4OTAyODUxNA==&mid=2653553470&idx=3&sn=85e1e43edfb2fe83c0e66794925f25dd&chksm=f7ebc3f3c09c4ae5f4fb333c5b3e98b1e7ed497d83e1e23398854e40488fed69bf8c35f57047#rd
355,我们一起神翻译|8.10,http://mp.weixin.qq.com/s?__biz=MzI4OTAyODUxNA==&mid=2653553470&idx=4&sn=79c9a2824ecb6704b530060a18cb6014&chksm=f7ebc3f3c09c4ae50d492ab704189954cf714843abdd6cee178e690946bc5ee8b5539e9c0185#rd
356,每日一句|8.10,http://mp.weixin.qq.com/s?__biz=MzI4OTAyODUxNA==&mid=2653553470&idx=5&sn=83aa51e06aaefdee931295bef469dec0&chksm=f7ebc3f3c09c4ae5e6718e7243a001db76f28e2c34ba944a0a6d03d8e4a934d481605b848e1a#rd
357,8.9早读 | 梦想不仅在于实现，也在于从追逐的过程中找到激情与幸福,http://mp.weixin.qq.com/s?__biz=MzI4OTAyODUxNA==&mid=2653553405&idx=1&sn=fad157f4e60a8ed0385b4191b0d50d33&chksm=f7ebc230c09c4b2618002623b2d2e41cf35a36de224a6d8698b3fab0715626743379552e49f9#rd
358,【老外说】你喜欢读书吗？,http://mp.weixin.qq.com/s?__biz=MzI4OTAyODUxNA==&mid=2653553405&idx=2&sn=9eba5386a15e16bbf92be9717d90c8f9&chksm=f7ebc230c09c4b2697af22f2912a43da99770dd1caf785270c8fae8c10abb06a18eaa0b31095#rd
359,每日听写|8.9,http://mp.weixin.qq.com/s?__biz=MzI4OTAyODUxNA==&mid=2653553405&idx=3&sn=a59fce6a8ce996a88b6ee6db185d912a&chksm=f7ebc230c09c4b26bda2c97747496f95bf5b15c1035ffe459d746778d5301267e382155f6ea1#rd
360,我们一起神翻译|8.9,http://mp.weixin.qq.com/s?__biz=MzI4OTAyODUxNA==&mid=2653553405&idx=4&sn=d18ffb5d895f9b89692096813dcd6049&chksm=f7ebc230c09c4b269717288a04e63cba2431dd5b2333a393116b4d37eae535cc4319bd88e3e0#rd
361,每日一句|8.9,http://mp.weixin.qq.com/s?__biz=MzI4OTAyODUxNA==&mid=2653553405&idx=5&sn=3602a490a27bebbac30065c713199b40&chksm=f7ebc230c09c4b260352c61bbc1905030a6cc2a738dbf1677211f899c3b9b6117cde3b2d4cbe#rd
362,为你读诗——没有你，万般精彩皆枉然（节选）,http://mp.weixin.qq.com/s?__biz=MzI4OTAyODUxNA==&mid=2653553359&idx=1&sn=f39c72d38b536722857bd646e83c67a2&chksm=f7ebc202c09c4b1416d38ee605795d9350d9b4369303496d0e8d8ceebf0914ac5ae468f445d4#rd
363,8.8早读 | 在你的生活变得非常单调之前，让有魅力的朋友给你的生活增添一点色彩,http://mp.weixin.qq.com/s?__biz=MzI4OTAyODUxNA==&mid=2653553359&idx=2&sn=6ff14b4d0bb5d9d0d4141f81bc1bcc72&chksm=f7ebc202c09c4b1405ea8d76476c9bc2d414a0e027ad0c1ca1ec86612162a1daf99f1e612064#rd
364,每日听写|闻香识女人13,http://mp.weixin.qq.com/s?__biz=MzI4OTAyODUxNA==&mid=2653553359&idx=3&sn=8b0b05ae73230c20083ce3c961031b23&chksm=f7ebc202c09c4b140e5f13ba549168322c5aeeab88d192f3f8b1ccc204131b56afe6f93cd256#rd
365,听歌学英文|Natural,http://mp.weixin.qq.com/s?__biz=MzI4OTAyODUxNA==&mid=2653553350&idx=1&sn=82744c258971888a484fd9883b66c210&chksm=f7ebc20bc09c4b1dcaf4ca7bfad606aa1a58052047e3a7a3e7086766695d74dc768fbc2adfa8#rd
366,8.7早读 | 立秋：恭祝风调雨顺，五谷丰登,http://mp.weixin.qq.com/s?__biz=MzI4OTAyODUxNA==&mid=2653553350&idx=2&sn=16fc531b90c580f9795a9272ce8a6f1a&chksm=f7ebc20bc09c4b1d1613d0b0ef65ab93fb923c41a97503e76d3eccfcf6f5e590d495ef753094#rd
367,每日听写8.2-8.6初级汇总,http://mp.weixin.qq.com/s?__biz=MzI4OTAyODUxNA==&mid=2653553350&idx=3&sn=cc3de7886b1b8b596a01afb2e0d8ccad&chksm=f7ebc20bc09c4b1de2fc67da2ec11561d835104f959cbb84d54a168446564426d6b77f7c642a#rd
368,8.6早读 | 学而不思则罔，思而不学则殆,http://mp.weixin.qq.com/s?__biz=MzI4OTAyODUxNA==&mid=2653553322&idx=1&sn=a7bffb7d06d235d72825d6c902f1884e&chksm=f7ebc267c09c4b71fd62a94e253caac5f5e0a71bda17201db5e3bb7c4154518af91a106b7a0e#rd
369,"""对你没好感""用英文怎么说？",http://mp.weixin.qq.com/s?__biz=MzI4OTAyODUxNA==&mid=2653553322&idx=2&sn=80df7f60b5b72081ae256b22af91f66e&chksm=f7ebc267c09c4b71eb66941635b31dbc00d76ac159a8798a95f3b957cbbc811ccad50b7f16b4#rd
370,每日听写|8.6,http://mp.weixin.qq.com/s?__biz=MzI4OTAyODUxNA==&mid=2653553322&idx=3&sn=4aab146347ba553920e5e91e9c0dcb6d&chksm=f7ebc267c09c4b71512dbc0cfd800be1968f80d90285ca1a3e305e46a2d92e2a4308b800decc#rd
371,我们一起神翻译|8.6,http://mp.weixin.qq.com/s?__biz=MzI4OTAyODUxNA==&mid=2653553322&idx=4&sn=1c0612b600792ccfff1340bcce21e4b2&chksm=f7ebc267c09c4b7112a79e619c63324272723cb65524d2a29a33663de79f848612918b93add1#rd
372,每日一句|8.6,http://mp.weixin.qq.com/s?__biz=MzI4OTAyODUxNA==&mid=2653553322&idx=5&sn=5bc92907a51f4f7d7955a91b562e8624&chksm=f7ebc267c09c4b7131dbb692d46b28cf06ffda81a66a8dc75c26a3e799298dda4acd60a00ea1#rd
373,8.5早读 | 只有当一个人学会无私地去爱，他才是真正的光鲜亮丽,http://mp.weixin.qq.com/s?__biz=MzI4OTAyODUxNA==&mid=2653553309&idx=1&sn=4befb2eca5dc68620119c4c60b8c9bd0&chksm=f7ebc250c09c4b46e29d44a9ce9bd6022d22aba5127bd54e6d0b400dc352b30e144832f24434#rd
374,“佩服”用英文都能怎么说？,http://mp.weixin.qq.com/s?__biz=MzI4OTAyODUxNA==&mid=2653553309&idx=2&sn=43fb4a53a5c2ca0e7ae9db42586ccc2b&chksm=f7ebc250c09c4b461a635de544e8a8ffe5daea09b09a075b54a8be2e0311c68b7a956d55b8c8#rd
375,每日听写|8.5,http://mp.weixin.qq.com/s?__biz=MzI4OTAyODUxNA==&mid=2653553309&idx=3&sn=b0a54fa2e0d9e5059b4a8ddfec0b16ca&chksm=f7ebc250c09c4b46ada239c95e79c7f8e9d6ea6f3acdf3483cce65e771f85287e0f8c2931358#rd
376,我们一起神翻译|8.5,http://mp.weixin.qq.com/s?__biz=MzI4OTAyODUxNA==&mid=2653553309&idx=4&sn=6af28e9d79332d6d9b6b906022d95dd2&chksm=f7ebc250c09c4b46a5fbb171db14f1451d9d0997623cb1d069320b308a36fdad445eefda5414#rd
377,每日一句|8.5,http://mp.weixin.qq.com/s?__biz=MzI4OTAyODUxNA==&mid=2653553309&idx=5&sn=be59ee3610d2385d5df5193358a7a943&chksm=f7ebc250c09c4b466f1975fa9d8348c00d0959b7c51a5ad9497ebaad0f40399769a5b8950862#rd
378,8.4早读 | 2000多年前的奥林匹克就已经是国际化运动会了！,http://mp.weixin.qq.com/s?__biz=MzI4OTAyODUxNA==&mid=2653553255&idx=1&sn=a37f312ef660af9664c41c8f95348df6&chksm=f7ebc2aac09c4bbc333890dd727a95af5ed61b56a651dc19d20ebaceac828e7ae06275a1eeee#rd
379,Gwen为你答：如何看待事业编制这件事？,http://mp.weixin.qq.com/s?__biz=MzI4OTAyODUxNA==&mid=2653553255&idx=2&sn=b0f03fe762c691f9775946eb70f77e49&chksm=f7ebc2aac09c4bbc6a2995394c1968ed665fa0084b377b8409c88ad225eb33e927912691ea3b#rd
380,每日听写|8.4,http://mp.weixin.qq.com/s?__biz=MzI4OTAyODUxNA==&mid=2653553255&idx=3&sn=79f20f7802f0660b28b252b46d4aa4d7&chksm=f7ebc2aac09c4bbc943fc2fe8b8212567ca21258e534e9bb3b99f89635a9075ad2a3e0076723#rd
381,我们一起神翻译|8.4,http://mp.weixin.qq.com/s?__biz=MzI4OTAyODUxNA==&mid=2653553255&idx=4&sn=29393d05ec520d7f7faa4cebe6b1bb18&chksm=f7ebc2aac09c4bbcd73bfb97c4460bdd43f979ed69dc2f8ffd5d57391a528c66ccf975a82082#rd
382,每日一句|8.4,http://mp.weixin.qq.com/s?__biz=MzI4OTAyODUxNA==&mid=2653553255&idx=5&sn=595d522c461169b6328990f045d9cca5&chksm=f7ebc2aac09c4bbc2ee6b97e80308d6761d5e3f0eaea5ac8b8313c7f122bfe50266714c5957f#rd
383,8.3早读 | 我坚不可摧，一无所失，放马过来吧！,http://mp.weixin.qq.com/s?__biz=MzI4OTAyODUxNA==&mid=2653553218&idx=1&sn=b02c9dc68b13ac6f15a9609ec07095b8&chksm=f7ebc28fc09c4b99449a246f7858ce411f25d2c63652c49e6643af064c90286a897aa07f0c7d#rd
384,看《致命女人》第二季学英语,http://mp.weixin.qq.com/s?__biz=MzI4OTAyODUxNA==&mid=2653553218&idx=2&sn=9fb870b1fb071dd8254c69d464f12c88&chksm=f7ebc28fc09c4b99ff5b86c97545c27f646349f28099833e0ce80c79f5181300d53e88d379ff#rd
385,每日听写|8.3,http://mp.weixin.qq.com/s?__biz=MzI4OTAyODUxNA==&mid=2653553218&idx=3&sn=31b46513d7e56057d0ec77601d779ae4&chksm=f7ebc28fc09c4b995673ab3c4bfcb4798dd26294716b91445c76e5fcae17eb86ab3506bb99a3#rd
386,我们一起神翻译|8.3,http://mp.weixin.qq.com/s?__biz=MzI4OTAyODUxNA==&mid=2653553218&idx=4&sn=41e05e89424664e6a472ec370adc2159&chksm=f7ebc28fc09c4b99e0d70e3002c6bf4dc331e5c28ada5b813ad3c0aa327cffda7a020392a160#rd
387,每日一句|8.3,http://mp.weixin.qq.com/s?__biz=MzI4OTAyODUxNA==&mid=2653553218&idx=5&sn=44c443b033fda50971be0438b5623b3a&chksm=f7ebc28fc09c4b99bea6d1098792944839abd784b80aeeada2f9c12017a8bf8b2bfeee8beca7#rd
388,8.2早读 | TED演讲：深入网络喷子和网络推手的奇异世界,http://mp.weixin.qq.com/s?__biz=MzI4OTAyODUxNA==&mid=2653553158&idx=1&sn=e3d4dd4619daf2bf2f2efd7511d50527&chksm=f7ebc2cbc09c4bdd3dec840696f0efa00122c9bff24272f260714c29b7b9b9626d5b83b70ec7#rd
389,【老外说】国外的“佛系”青年是怎样生活的？,http://mp.weixin.qq.com/s?__biz=MzI4OTAyODUxNA==&mid=2653553158&idx=2&sn=e7334b1ff4b2a5bca2aae04930eb2376&chksm=f7ebc2cbc09c4bdd8963ebd6cea4f300454a8f96fd8ac7b9d422338d309db1c44152b793cc90#rd
390,每日听写|8.2,http://mp.weixin.qq.com/s?__biz=MzI4OTAyODUxNA==&mid=2653553158&idx=3&sn=233f64e1246a1ed5a3b31e2642ca3e2f&chksm=f7ebc2cbc09c4bdd6d73451d84b977ffefc5607d7ed1ba60a227947ba212d7ef546b71f1e95f#rd
391,我们一起神翻译|8.2,http://mp.weixin.qq.com/s?__biz=MzI4OTAyODUxNA==&mid=2653553158&idx=4&sn=4f8a63a39705ca0c503867adb4e9cfd2&chksm=f7ebc2cbc09c4bdd6e8eb197ad6533b44b31de001b561b926e03d58bc0efab92d09bb1d38638#rd
392,每日一句|8.2,http://mp.weixin.qq.com/s?__biz=MzI4OTAyODUxNA==&mid=2653553158&idx=5&sn=e76bd0adcd1efc11b571f4e5e0da1fab&chksm=f7ebc2cbc09c4bdde5a6fb7cc4679d5172c2825103db69a3e02b9b906fb33f5ac245ca7e0233#rd
393,为你读诗——心有猛虎，细嗅蔷薇,http://mp.weixin.qq.com/s?__biz=MzI4OTAyODUxNA==&mid=2653553124&idx=1&sn=c1626358747de852ba82d0a15de64783&chksm=f7ebc129c09c483fcb167d315b4aae3d3f22c80dcf78345ffb7d171a95fce0108bde2d73c748#rd
394,8.1早读 | 你的命运只能由自己决定，如何才能度过没有缺憾的一生,http://mp.weixin.qq.com/s?__biz=MzI4OTAyODUxNA==&mid=2653553124&idx=2&sn=91d2265f854762e183362fc8d2691564&chksm=f7ebc129c09c483f83976efd1d42c47aa776181c83b838b8fe8e3bdf8d8bc86457cae82791a3#rd
395,每日听写|闻香识女人12,http://mp.weixin.qq.com/s?__biz=MzI4OTAyODUxNA==&mid=2653553124&idx=3&sn=31a0c30cba97dc4ef388fb913fe903d6&chksm=f7ebc129c09c483f6a53243697f3ce90ce36172e7fc701f9244b818dd7fad09d24a2c095d16d#rd
396,听歌学英文 |  Hush - Lasse Lindh,http://mp.weixin.qq.com/s?__biz=MzI4OTAyODUxNA==&mid=2653553109&idx=1&sn=0ecfb089603a9c9aaf84baedfd3db35b&chksm=f7ebc118c09c480efa50dd2de7cba674c34567904be676a5f6871704a60b930475f948c89f22#rd
397,7.31早读 | 你要学会忽略别人对你的称呼，相信你自己的想法,http://mp.weixin.qq.com/s?__biz=MzI4OTAyODUxNA==&mid=2653553109&idx=2&sn=7e540d6485eb87c5134974b1aca24eec&chksm=f7ebc118c09c480e43fab39667288d256071afda9159686a911fa55a53baa269ba7922d65f91#rd
398,每日听写7.26-7.30高级汇总,http://mp.weixin.qq.com/s?__biz=MzI4OTAyODUxNA==&mid=2653553109&idx=3&sn=c7b2cfbbe985bc7cdcf6b37fa90dcd6e&chksm=f7ebc118c09c480e6c823d409a121d7e2ba550d1b0de9839ea093f1a514b5b8085fff01a1c3b#rd
399,7.30早读 | 如果你想知道五年后将会发生什么，别太关注主流的东西，去看看那些边缘小众的东西,http://mp.weixin.qq.com/s?__biz=MzI4OTAyODUxNA==&mid=2653553084&idx=1&sn=f7d4ae71b6f6861d906c7a6ac60634a3&chksm=f7ebc171c09c48677e719021e9fdb97483a1c5ca083ec91409e6dd1e194802bebf1ca6327ea4#rd
400,“做好表面功夫”用英语怎么说？,http://mp.weixin.qq.com/s?__biz=MzI4OTAyODUxNA==&mid=2653553084&idx=2&sn=cf80b99532945141f53e190f99547c61&chksm=f7ebc171c09c4867ca1f650b011a45be290faf9f5f018ceafe9b2be19b27927e05a23c421554#rd
401,每日听写|7.30,http://mp.weixin.qq.com/s?__biz=MzI4OTAyODUxNA==&mid=2653553084&idx=3&sn=1a08f9a5a9727513151cad2c4748fdf0&chksm=f7ebc171c09c4867c12d64c4b774fd132ad49cee43b9725b88be1c009e791e71a31a6a8fc160#rd
402,我们一起神翻译|7.30,http://mp.weixin.qq.com/s?__biz=MzI4OTAyODUxNA==&mid=2653553084&idx=4&sn=b3758206671272584c367191e7d6a65b&chksm=f7ebc171c09c4867a0615907ebca5c63d25138a0d406de8ce6a05827a6c31923fcb08ef66c02#rd
403,每日一句|7.30,http://mp.weixin.qq.com/s?__biz=MzI4OTAyODUxNA==&mid=2653553084&idx=5&sn=ec292733b27933615a5a0d90ef7aa931&chksm=f7ebc171c09c4867649f663bea2dbe64955ebfc871d76079d8e52da298a665e0d8aad0d2e7a1#rd
404,7.29早读 | 合伙船，要么渐行渐远，要么驶向“共识”,http://mp.weixin.qq.com/s?__biz=MzI4OTAyODUxNA==&mid=2653553050&idx=1&sn=0712cd3c58e35f7bd0144ec71427c170&chksm=f7ebc157c09c4841b3d483182960db3a61a69f589903e8dedc33675b17bbbb4806852682ead1#rd
405,看《致命女人2》学英语~,http://mp.weixin.qq.com/s?__biz=MzI4OTAyODUxNA==&mid=2653553050&idx=2&sn=78e83c3f201bbbb731f57847d2812dd9&chksm=f7ebc157c09c48416a977560a2786fd2bc1f7c9310c3d4f5e2745f3289bd90a85f455902370c#rd
406,每日听写|7.29,http://mp.weixin.qq.com/s?__biz=MzI4OTAyODUxNA==&mid=2653553050&idx=3&sn=a3e7cc59dec127e8435bc3a3670be191&chksm=f7ebc157c09c48417afcd3498a6c8aff06ec0c871f9a326693fa19be577b1cc3c148596e58ff#rd
407,我们一起神翻译|7.29,http://mp.weixin.qq.com/s?__biz=MzI4OTAyODUxNA==&mid=2653553050&idx=4&sn=21a88170c948943066590745e7bd5a83&chksm=f7ebc157c09c484135905a62d3af7eda2f79363cf27264251ef5e9af15f4e7ca9c1a0c6cb036#rd
408,每日一句|7.29,http://mp.weixin.qq.com/s?__biz=MzI4OTAyODUxNA==&mid=2653553050&idx=5&sn=094872f8fa3f3264778d960b7cfe0abf&chksm=f7ebc157c09c48419188f0373a3fa1232bea130689c432ead2f7c8562af63aa5e754bcf00487#rd
